YearDrafted,Player,OverallRank,VORP,Team,OverallReDraft,RankDeficit,RankDeficitWeighted
2008,Semih Erden,60,0.0,BOS,30,30.0,0.5
2008,Deron Washington,59,-5.0,DET,52,7.0,0.11864406779661017
2008,Joe Crawford,58,0.0,LAL,30,28.0,0.4827586206896552
2008,James Gist,57,-5.0,SAS,52,5.0,0.08771929824561403
2008,Sasha Kaun,56,0.0,SEA,30,26.0,0.4642857142857143
2008,Mike Taylor,55,-0.7,POR,43,12.0,0.21818181818181817
2008,Maarty Leunen,54,-5.0,HOU,52,2.0,0.037037037037037035
2008,Tadija Dragićević,53,-5.0,UTA,52,1.0,0.018867924528301886
2008,Darnell Jackson,52,-0.7,MIA,43,9.0,0.17307692307692307
2008,Shan Foster,51,-5.0,DAL,52,-1.0,-0.0196078431372549
2008,DeVon Hardin,50,-5.0,SEA,52,-2.0,-0.04
2008,Richard Hendrix,49,-5.0,GSW,52,-3.0,-0.061224489795918366
2008,Malik Hairston,48,0.0,PHO,30,18.0,0.375
2008,Henry Walker,47,0.5,WAS,26,21.0,0.44680851063829785
2008,Trent Plaisted,46,-5.0,SEA,52,-6.0,-0.13043478260869565
2008,Goran Dragić,45,16.7,SAS,7,38.0,0.8444444444444444
2008,Ante Tomić,44,-5.0,UTA,52,-8.0,-0.18181818181818182
2008,Patrick Ewing,43,0.0,SAC,30,13.0,0.3023255813953488
2008,Sean Singletary,42,-0.2,SAC,38,4.0,0.09523809523809523
2008,Nathan Jawai,41,-0.2,IND,38,3.0,0.07317073170731707
2008,Chris Douglas-Roberts,40,-1.0,NJN,47,-7.0,-0.175
2008,Sonny Weems,39,-1.9,CHI,48,-9.0,-0.23076923076923078
2008,Kyle Weaver,38,0.3,CHA,27,11.0,0.2894736842105263
2008,Luc Mbah a Moute,37,4.9,MIL,19,18.0,0.4864864864864865
2008,Ömer Aşık,36,1.1,POR,24,12.0,0.3333333333333333
2008,DeAndre Jordan,35,24.4,LAC,4,31.0,0.8857142857142857
2008,Mario Chalmers,34,9.8,MIN,12,22.0,0.6470588235294118
2008,Joey Dorsey,33,0.3,POR,27,6.0,0.18181818181818182
2008,Walter Sharpe,32,-0.1,SEA,36,-4.0,-0.125
2008,Nikola Peković,31,2.0,MIN,22,9.0,0.2903225806451613
2008,J.R. Giddens,30,-0.2,BOS,38,-8.0,-0.26666666666666666
2008,D.J. White,29,-0.7,DET,43,-14.0,-0.4827586206896552
2008,Donté Greene,28,-2.0,MEM,49,-21.0,-0.75
2008,Darrell Arthur,27,0.3,NOH,27,0.0,0.0
2008,George Hill,26,19.0,SAS,5,21.0,0.8076923076923077
2008,Nicolas Batum,25,26.8,HOU,2,23.0,0.92
2008,Serge Ibaka,24,14.3,SEA,8,16.0,0.6666666666666666
2008,Kosta Koufos,23,3.3,UTA,20,3.0,0.13043478260869565
2008,Courtney Lee,22,9.8,ORL,12,10.0,0.45454545454545453
2008,Ryan Anderson,21,11.0,NJN,10,11.0,0.5238095238095238
2008,Alexis Ajinça,20,-0.5,CHA,42,-22.0,-1.1
2008,J.J. Hickson,19,-0.9,CLE,46,-27.0,-1.4210526315789473
2008,JaVale McGee,18,5.2,WAS,17,1.0,0.05555555555555555
2008,Roy Hibbert,17,9.1,TOR,15,2.0,0.11764705882352941
2008,Marreese Speights,16,-2.2,PHI,50,-34.0,-2.125
2008,Robin Lopez,15,9.3,PHO,14,1.0,0.06666666666666667
2008,Anthony Randolph,14,-0.1,GSW,36,-22.0,-1.5714285714285714
2008,Brandon Rush,13,0.7,POR,25,-12.0,-0.9230769230769231
2008,Jason Thompson,12,1.3,SAC,23,-11.0,-0.9166666666666666
2008,Jerryd Bayless,11,0.0,IND,30,-19.0,-1.7272727272727273
2008,Brook Lopez,10,17.0,NJN,6,4.0,0.4
2008,D.J. Augustin,9,2.6,CHA,21,-12.0,-1.3333333333333333
2008,Joe Alexander,8,-0.2,MIL,38,-30.0,-3.75
2008,Eric Gordon,7,5.8,LAC,16,-9.0,-1.2857142857142858
2008,Danilo Gallinari,6,13.7,NYK,9,-3.0,-0.5
2008,Kevin Love,5,24.9,MEM,3,2.0,0.4
2008,Russell Westbrook,4,61.6,SEA,1,3.0,0.75
2008,O.J. Mayo,3,5.1,MIN,18,-15.0,-5.0
2008,Michael Beasley,2,-4.3,MIA,51,-49.0,-24.5
2008,Derrick Rose,1,10.5,CHI,11,-10.0,-10.0
2009,Robert Dozier,60,-5.0,MIA,51,9.0,0.15
2009,Chinemelu Elonu,59,-5.0,LAL,51,8.0,0.13559322033898305
2009,Lester Hudson,58,-0.1,BOS,35,23.0,0.39655172413793105
2009,Emir Preldžić,57,-5.0,PHO,51,6.0,0.10526315789473684
2009,Ahmad Nivins,56,-5.0,DAL,51,5.0,0.08928571428571429
2009,Patty Mills,55,7.1,POR,17,38.0,0.6909090909090909
2009,Robert Vaden,54,-5.0,CHA,51,3.0,0.05555555555555555
2009,Nando De Colo,53,0.4,SAS,28,25.0,0.4716981132075472
2009,A.J. Price,52,-0.4,IND,37,15.0,0.28846153846153844
2009,Jack McClinton,51,-5.0,SAS,51,0.0,0.0
2009,Goran Suton,50,-5.0,UTA,51,-1.0,-0.02
2009,Sergiy Gladyr,49,-5.0,ATL,51,-2.0,-0.04081632653061224
2009,Taylor Griffin,48,0.0,PHO,32,16.0,0.3333333333333333
2009,Henk Norel,47,-5.0,MIN,51,-4.0,-0.0851063829787234
2009,Danny Green,46,19.9,CLE,4,42.0,0.9130434782608695
2009,Nick Calathes,45,0.6,MIN,27,18.0,0.4
2009,Chase Budinger,44,1.2,DET,26,18.0,0.4090909090909091
2009,Marcus Thornton,43,3.4,MIA,21,22.0,0.5116279069767442
2009,Patrick Beverley,42,10.7,LAL,10,32.0,0.7619047619047619
2009,Jodie Meeks,41,4.2,MIL,18,23.0,0.5609756097560976
2009,Derrick Brown,40,0.2,CHA,31,9.0,0.225
2009,Jonas Jerebko,39,3.3,DET,22,17.0,0.4358974358974359
2009,Jon Brockman,38,0.0,POR,32,6.0,0.15789473684210525
2009,DeJuan Blair,37,4.2,SAS,18,19.0,0.5135135135135135
2009,Sam Young,36,-0.9,MEM,42,-6.0,-0.16666666666666666
2009,DaJuan Summers,35,-0.9,DET,42,-7.0,-0.2
2009,Sergio Llull,34,-5.0,DEN,51,-17.0,-0.5
2009,Dante Cunningham,33,3.7,POR,20,13.0,0.3939393939393939
2009,Jermaine Taylor,32,-0.5,WAS,39,-7.0,-0.21875
2009,Jeff Ayres,31,0.4,SAC,28,3.0,0.0967741935483871
2009,Christian Eyenga,30,-0.5,CLE,39,-9.0,-0.3
2009,Toney Douglas,29,2.6,LAL,23,6.0,0.20689655172413793
2009,Wayne Ellington,28,-0.1,MIN,35,-7.0,-0.25
2009,DeMarre Carroll,27,9.1,MEM,16,11.0,0.4074074074074074
2009,Taj Gibson,26,10.0,CHI,12,14.0,0.5384615384615384
2009,Rodrigue Beaubois,25,1.4,OKC,25,0.0,0.0
2009,Byron Mullens,24,-2.3,DAL,48,-24.0,-1.0
2009,Omri Casspi,23,1.6,SAC,24,-1.0,-0.043478260869565216
2009,Victor Claver,22,-0.4,POR,37,-15.0,-0.6818181818181818
2009,Darren Collison,21,11.1,NOH,8,13.0,0.6190476190476191
2009,Eric Maynor,20,-2.7,UTA,49,-29.0,-1.45
2009,Jeff Teague,19,10.0,ATL,12,7.0,0.3684210526315789
2009,Ty Lawson,18,10.9,MIN,9,9.0,0.5
2009,Jrue Holiday,17,18.0,PHI,5,12.0,0.7058823529411765
2009,James Johnson,16,9.7,CHI,15,1.0,0.0625
2009,Austin Daye,15,-0.6,DET,41,-26.0,-1.7333333333333334
2009,Earl Clark,14,-1.5,PHO,47,-33.0,-2.357142857142857
2009,Tyler Hansbrough,13,-1.0,IND,45,-32.0,-2.4615384615384617
2009,Gerald Henderson,12,-0.9,CHA,42,-30.0,-2.5
2009,Terrence Williams,11,-1.4,NJN,46,-35.0,-3.1818181818181817
2009,Brandon Jennings,10,10.4,MIL,11,-1.0,-0.1
2009,DeMar DeRozan,9,10.0,TOR,12,-3.0,-0.3333333333333333
2009,Jordan Hill,8,0.0,NYK,32,-24.0,-3.0
2009,Stephen Curry,7,51.1,GSW,2,5.0,0.7142857142857143
2009,Jonny Flynn,6,-2.7,MIN,49,-43.0,-7.166666666666667
2009,Ricky Rubio,5,12.3,MIN,7,-2.0,-0.4
2009,Tyreke Evans,4,12.6,SAC,6,-2.0,-0.5
2009,James Harden,3,59.9,OKC,1,2.0,0.6666666666666666
2009,Hasheem Thabeet,2,0.4,MEM,28,-26.0,-13.0
2009,Blake Griffin,1,32.3,LAC,3,-2.0,-2.0
2010,Dwayne Collins,60,-5.0,PHO,52,8.0,0.13333333333333333
2010,Stanley Robinson,59,-5.0,ORL,52,7.0,0.11864406779661017
2010,Derrick Caracter,58,-0.2,LAL,36,22.0,0.3793103448275862
2010,Ryan Reid,57,0.0,IND,26,31.0,0.543859649122807
2010,Hamady N'Diaye,56,-0.1,MIN,31,25.0,0.44642857142857145
2010,Jeremy Evans,55,2.0,UTA,20,35.0,0.6363636363636364
2010,Willie Warren,54,-0.1,LAC,31,23.0,0.42592592592592593
2010,Pape Sy,53,0.0,ATL,26,27.0,0.5094339622641509
2010,Luke Harangody,52,-0.3,BOS,40,12.0,0.23076923076923078
2010,Magnum Rolle,51,-5.0,OKC,52,-1.0,-0.0196078431372549
2010,Solomon Alabi,50,-0.2,DAL,36,14.0,0.28
2010,Ryan Richards,49,-5.0,SAS,52,-3.0,-0.061224489795918366
2010,Latavious Williams,48,-5.0,MIA,52,-4.0,-0.08333333333333333
2010,Tiny Gallon,47,-5.0,MIL,52,-5.0,-0.10638297872340426
2010,Gani Lawal,46,0.0,PHO,26,20.0,0.43478260869565216
2010,Paulo Prestes,45,-5.0,MIN,52,-7.0,-0.15555555555555556
2010,Jerome Jordan,44,0.2,MIL,24,20.0,0.45454545454545453
2010,Devin Ebanks,43,-0.5,LAL,46,-3.0,-0.06976744186046512
2010,Da'Sean Butler,42,-5.0,MIA,52,-10.0,-0.23809523809523808
2010,Jarvis Varnado,41,0.0,MIA,26,15.0,0.36585365853658536
2010,Lance Stephenson,40,3.6,IND,13,27.0,0.675
2010,Landry Fields,39,2.8,NYK,18,21.0,0.5384615384615384
2010,Andy Rautins,38,-0.1,NYK,31,7.0,0.18421052631578946
2010,Darington Hobson,37,-0.1,MIL,31,6.0,0.16216216216216217
2010,Terrico White,36,-5.0,DET,52,-16.0,-0.4444444444444444
2010,Nemanja Bjelica,35,3.6,WAS,13,22.0,0.6285714285714286
2010,Armon Johnson,34,-0.4,POR,42,-8.0,-0.23529411764705882
2010,Hassan Whiteside,33,5.5,SAC,12,21.0,0.6363636363636364
2010,Dexter Pittman,32,-0.4,MIA,42,-10.0,-0.3125
2010,Tibor Pleiß,31,-0.1,NJN,31,0.0,0.0
2010,Lazar Hayward,30,-0.4,WAS,42,-12.0,-0.4
2010,Daniel Orton,29,0.0,ORL,26,3.0,0.10344827586206896
2010,Greivis Vásquez,28,1.1,MEM,21,7.0,0.25
2010,Jordan Crawford,27,-0.2,NJN,36,-9.0,-0.3333333333333333
2010,Quincy Pondexter,26,1.1,OKC,21,5.0,0.19230769230769232
2010,Dominique Jones,25,-0.3,MEM,40,-15.0,-0.6
2010,Damion James,24,-0.4,ATL,42,-18.0,-0.75
2010,Trevor Booker,23,6.0,MIN,11,12.0,0.5217391304347826
2010,Elliot Williams,22,-1.2,POR,49,-27.0,-1.2272727272727273
2010,Craig Brackins,21,-0.2,OKC,36,-15.0,-0.7142857142857143
2010,James Anderson,20,-0.9,SAS,47,-27.0,-1.35
2010,Avery Bradley,19,0.6,BOS,23,-4.0,-0.21052631578947367
2010,Eric Bledsoe,18,16.8,OKC,6,12.0,0.6666666666666666
2010,Kevin Séraphin,17,-3.1,CHI,51,-34.0,-2.0
2010,Luke Babbitt,16,-1.0,MIN,48,-32.0,-2.0
2010,Larry Sanders,15,3.0,MIL,16,-1.0,-0.06666666666666667
2010,Patrick Patterson,14,7.7,HOU,10,4.0,0.2857142857142857
2010,Ed Davis,13,9.5,TOR,8,5.0,0.38461538461538464
2010,Xavier Henry,12,-2.3,MEM,50,-38.0,-3.1666666666666665
2010,Cole Aldrich,11,2.6,NOH,19,-8.0,-0.7272727272727273
2010,Paul George,10,29.9,IND,1,9.0,0.9
2010,Gordon Hayward,9,17.5,UTA,4,5.0,0.5555555555555556
2010,Al-Farouq Aminu,8,8.5,LAC,9,-1.0,-0.125
2010,Greg Monroe,7,17.2,DET,5,2.0,0.2857142857142857
2010,Ekpe Udoh,6,3.2,GSW,15,-9.0,-1.5
2010,DeMarcus Cousins,5,22.5,SAC,2,3.0,0.6
2010,Wesley Johnson,4,2.9,MIN,17,-13.0,-3.25
2010,Derrick Favors,3,14.1,NJN,7,-4.0,-1.3333333333333333
2010,Evan Turner,2,0.1,PHI,25,-23.0,-11.5
2010,John Wall,1,22.1,WAS,3,-2.0,-2.0
2011,Isaiah Thomas,60,13.9,SAC,6,54.0,0.9
2011,Ádám Hanga,59,-5.0,SAS,55,4.0,0.06779661016949153
2011,Ater Majok,58,-5.0,LAL,55,3.0,0.05172413793103448
2011,Targuy Ngombo,57,-5.0,DAL,55,2.0,0.03508771929824561
2011,Chukwudiebere Maduabum,56,-5.0,LAL,55,1.0,0.017857142857142856
2011,E'Twaun Moore,55,0.7,BOS,26,29.0,0.5272727272727272
2011,Milan Mačvan,54,-5.0,CLE,55,-1.0,-0.018518518518518517
2011,DeAndre Liggins,53,0.0,ORL,31,22.0,0.41509433962264153
2011,Vernon Macklin,52,0.0,DET,31,21.0,0.40384615384615385
2011,Jon Diebler,51,-5.0,POR,55,-4.0,-0.0784313725490196
2011,Lavoy Allen,50,1.3,PHI,22,28.0,0.56
2011,Josh Selby,49,-0.6,MEM,46,3.0,0.061224489795918366
2011,Keith Benson,48,0.0,ATL,31,17.0,0.3541666666666667
2011,Travis Leslie,47,0.0,LAC,31,16.0,0.3404255319148936
2011,Andrew Goudelock,46,-0.5,LAL,44,2.0,0.043478260869565216
2011,Josh Harrellson,45,0.3,NOH,28,17.0,0.37777777777777777
2011,Charles Jenkins,44,-1.3,GSW,49,-5.0,-0.11363636363636363
2011,Malcolm Lee,43,0.0,CHI,31,12.0,0.27906976744186046
2011,Dāvis Bertāns,42,2.9,IND,19,23.0,0.5476190476190477
2011,Darius Morris,41,-1.3,LAL,49,-8.0,-0.1951219512195122
2011,Jon Leuer,40,0.9,MIL,24,16.0,0.4
2011,Jeremy Tyler,39,-1.2,CHA,48,-9.0,-0.23076923076923078
2011,Chandler Parsons,38,12.0,HOU,7,31.0,0.8157894736842105
2011,Trey Thompkins,37,-0.2,LAC,38,-1.0,-0.02702702702702703
2011,Jordan Williams,36,-0.2,NJN,38,-2.0,-0.05555555555555555
2011,Tyler Honeycutt,35,-0.1,SAC,37,-2.0,-0.05714285714285714
2011,Shelvin Mack,34,-1.5,WAS,51,-17.0,-0.5
2011,Kyle Singler,33,0.7,DET,26,7.0,0.21212121212121213
2011,Justin Harper,32,-0.2,CLE,38,-6.0,-0.1875
2011,Bojan Bogdanović,31,1.0,MIA,23,8.0,0.25806451612903225
2011,Jimmy Butler,30,26.0,CHI,2,28.0,0.9333333333333333
2011,Cory Joseph,29,3.9,SAS,18,11.0,0.3793103448275862
2011,Norris Cole,28,-4.0,CHI,54,-26.0,-0.9285714285714286
2011,JaJuan Johnson,27,-0.3,NJN,42,-15.0,-0.5555555555555556
2011,Jordan Hamilton,26,0.3,DAL,28,-2.0,-0.07692307692307693
2011,MarShon Brooks,25,-0.4,BOS,43,-18.0,-0.72
2011,Reggie Jackson,24,6.6,OKC,11,13.0,0.5416666666666666
2011,Nikola Mirotić,23,5.3,HOU,14,9.0,0.391304347826087
2011,Kenneth Faried,22,9.3,DEN,9,13.0,0.5909090909090909
2011,Nolan Smith,21,-0.9,POR,47,-26.0,-1.2380952380952381
2011,Donatas Motiejūnas,20,0.0,MIN,31,-11.0,-0.55
2011,Tobias Harris,19,9.0,CHA,10,9.0,0.47368421052631576
2011,Chris Singleton,18,-0.2,WAS,38,-20.0,-1.1111111111111112
2011,Iman Shumpert,17,4.2,NYK,17,0.0,0.0
2011,Nikola Vučević,16,15.2,PHI,5,11.0,0.6875
2011,Kawhi Leonard,15,29.4,IND,1,14.0,0.9333333333333333
2011,Marcus Morris,14,4.9,HOU,15,-1.0,-0.07142857142857142
2011,Markieff Morris,13,4.5,PHO,16,-3.0,-0.23076923076923078
2011,Alec Burks,12,-0.5,UTA,44,-32.0,-2.6666666666666665
2011,Klay Thompson,11,11.3,GSW,8,3.0,0.2727272727272727
2011,Jimmer Fredette,10,-1.8,MIL,52,-42.0,-4.2
2011,Kemba Walker,9,23.2,CHA,4,5.0,0.5555555555555556
2011,Brandon Knight,8,1.7,DET,21,-13.0,-1.625
2011,Bismack Biyombo,7,0.1,SAC,30,-23.0,-3.2857142857142856
2011,Jan Veselý,6,0.9,WAS,24,-18.0,-3.0
2011,Jonas Valančiūnas,5,6.1,TOR,12,-7.0,-1.4
2011,Tristan Thompson,4,5.5,CLE,13,-9.0,-2.25
2011,Enes Kanter,3,2.1,UTA,20,-17.0,-5.666666666666667
2011,Derrick Williams,2,-2.6,MIN,53,-51.0,-25.5
2011,Kyrie Irving,1,24.9,CLE,3,-2.0,-2.0
2012,Robert Sacre,60,-0.8,LAL,43,17.0,0.2833333333333333
2012,Marcus Denmon,59,-5.0,SAS,57,2.0,0.03389830508474576
2012,Robbie Hummel,58,-0.3,MIN,38,20.0,0.3448275862068966
2012,İlkan Karaman,57,-5.0,NJN,57,0.0,0.0
2012,Tomislav Zubčić,56,-5.0,TOR,57,-1.0,-0.017857142857142856
2012,Darius Johnson-Odom,55,-0.1,DAL,32,23.0,0.41818181818181815
2012,Tornike Shengelia,54,-0.3,PHI,38,16.0,0.2962962962962963
2012,Furkan Aldemir,53,0.2,LAC,26,27.0,0.5094339622641509
2012,Ognjen Kuzmić,52,0.0,GSW,29,23.0,0.4423076923076923
2012,Kris Joseph,51,-0.1,BOS,32,19.0,0.37254901960784315
2012,İzzet Türkyılmaz,50,-5.0,DEN,57,-7.0,-0.14
2012,Kyle O'Quinn,49,6.2,ORL,8,41.0,0.8367346938775511
2012,Kostas Papanikolaou,48,-0.2,NYK,34,14.0,0.2916666666666667
2012,Kevin Murphy,47,-0.2,UTA,34,13.0,0.2765957446808511
2012,Darius Miller,46,0.4,NOH,25,21.0,0.45652173913043476
2012,Justin Hamilton,45,0.8,PHI,21,24.0,0.5333333333333333
2012,Kim English,44,-0.2,DET,34,10.0,0.22727272727272727
2012,Mike Scott,43,-0.8,ATL,43,0.0,0.0
2012,Doron Lamb,42,-1.2,MIL,48,-6.0,-0.14285714285714285
2012,Tyshawn Taylor,41,-0.8,POR,43,-2.0,-0.04878048780487805
2012,Will Barton,40,3.4,POR,13,27.0,0.675
2012,Khris Middleton,39,8.0,DET,7,32.0,0.8205128205128205
2012,Quincy Miller,38,-0.5,DEN,40,-2.0,-0.05263157894736842
2012,Quincy Acy,37,0.2,TOR,26,11.0,0.2972972972972973
2012,Orlando Johnson,36,-0.5,SAC,40,-4.0,-0.1111111111111111
2012,Draymond Green,35,21.5,GSW,3,32.0,0.9142857142857143
2012,Jae Crowder,34,8.8,CLE,6,28.0,0.8235294117647058
2012,Bernard James,33,0.2,CLE,26,7.0,0.21212121212121213
2012,Tomáš Satoranský,32,1.9,WAS,19,13.0,0.40625
2012,Jeffery Taylor,31,-1.2,CHA,48,-17.0,-0.5483870967741935
2012,Festus Ezeli,30,0.6,GSW,23,7.0,0.23333333333333334
2012,Marquis Teague,29,-1.4,CHI,51,-22.0,-0.7586206896551724
2012,Perry Jones,28,-1.1,OKC,47,-19.0,-0.6785714285714286
2012,Arnett Moultrie,27,-0.2,MIA,34,-7.0,-0.25925925925925924
2012,Miles Plumlee,26,0.5,IND,24,2.0,0.07692307692307693
2012,Tony Wroten,25,-1.6,MEM,52,-27.0,-1.08
2012,Jared Cunningham,24,-0.6,CLE,42,-18.0,-0.75
2012,John Jenkins,23,-1.0,ATL,46,-23.0,-1.0
2012,Fab Melo,22,0.0,BOS,29,-7.0,-0.3181818181818182
2012,Jared Sullinger,21,4.1,BOS,11,10.0,0.47619047619047616
2012,Evan Fournier,20,3.1,DEN,15,5.0,0.25
2012,Andrew Nicholson,19,-3.4,ORL,56,-37.0,-1.9473684210526316
2012,Terrence Jones,18,3.0,HOU,16,2.0,0.1111111111111111
2012,Tyler Zeller,17,0.8,DAL,21,-4.0,-0.23529411764705882
2012,Royce White,16,0.0,HOU,29,-13.0,-0.8125
2012,Maurice Harkless,15,6.2,PHI,8,7.0,0.4666666666666667
2012,John Henson,14,5.1,MIL,10,4.0,0.2857142857142857
2012,Kendall Marshall,13,-2.8,PHO,55,-42.0,-3.230769230769231
2012,Jeremy Lamb,12,3.4,HOU,13,-1.0,-0.08333333333333333
2012,Meyers Leonard,11,0.9,POR,20,-9.0,-0.8181818181818182
2012,Austin Rivers,10,-2.3,NOH,54,-44.0,-4.4
2012,Andre Drummond,9,15.9,DET,4,5.0,0.5555555555555556
2012,Terrence Ross,8,3.5,TOR,12,-4.0,-0.5
2012,Harrison Barnes,7,2.6,GSW,17,-10.0,-1.4285714285714286
2012,Damian Lillard,6,29.9,POR,1,5.0,0.8333333333333334
2012,Thomas Robinson,5,-1.3,SAC,50,-45.0,-9.0
2012,Dion Waiters,4,-1.6,CLE,52,-48.0,-12.0
2012,Bradley Beal,3,12.6,WAS,5,-2.0,-0.6666666666666666
2012,Michael Kidd-Gilchrist,2,2.4,CHA,18,-16.0,-8.0
2012,Anthony Davis,1,27.6,NOH,2,-1.0,-1.0
2013,Jānis Timma,60,-5.0,MEM,52,8.0,0.13333333333333333
2013,Bojan Dubljević,59,-5.0,MIN,52,7.0,0.11864406779661017
2013,Deshaun Thomas,58,-5.0,SAS,52,6.0,0.10344827586206896
2013,Alex Oriakhi,57,-5.0,PHO,52,5.0,0.08771929824561403
2013,Peyton Siva,56,-0.3,DET,35,21.0,0.375
2013,Joffrey Lauvergne,55,-0.4,MEM,39,16.0,0.2909090909090909
2013,Arsalan Kazemi,54,-5.0,WAS,52,2.0,0.037037037037037035
2013,Colton Iverson,53,-5.0,IND,52,1.0,0.018867924528301886
2013,Lorenzo Brown,52,-0.6,MIN,43,9.0,0.17307692307692307
2013,Romero Osby,51,-5.0,ORL,52,-1.0,-0.0196078431372549
2013,James Ennis,50,2.0,ATL,18,32.0,0.64
2013,Erik Murphy,49,-0.1,CHI,28,21.0,0.42857142857142855
2013,Ryan Kelly,48,-0.2,LAL,33,15.0,0.3125
2013,Raul Neto,47,-0.1,ATL,28,19.0,0.40425531914893614
2013,Erick Green,46,-0.3,UTA,35,11.0,0.2391304347826087
2013,Marko Todorović,45,-5.0,POR,52,-7.0,-0.15555555555555556
2013,Mike Muscala,44,2.5,DAL,16,28.0,0.6363636363636364
2013,Ricky Ledo,43,-0.4,MIL,39,4.0,0.09302325581395349
2013,Pierre Jackson,42,-0.1,PHI,28,14.0,0.3333333333333333
2013,Jamaal Franklin,41,-0.1,MEM,28,13.0,0.3170731707317073
2013,Grant Jerrett,40,-0.1,POR,28,12.0,0.3
2013,Jeff Withey,39,1.4,POR,21,18.0,0.46153846153846156
2013,Nate Wolters,38,-0.8,WAS,46,-8.0,-0.21052631578947367
2013,Tony Mitchell,37,0.1,DET,25,12.0,0.32432432432432434
2013,Ray McCallum,36,-0.6,SAC,43,-7.0,-0.19444444444444445
2013,Glen Rice,35,-0.2,PHI,33,2.0,0.05714285714285714
2013,Isaiah Canaan,34,-1.3,HOU,47,-13.0,-0.38235294117647056
2013,Carrick Felix,33,0.0,CLE,26,7.0,0.21212121212121213
2013,Álex Abrines,32,-0.4,OKC,39,-7.0,-0.21875
2013,Allen Crabbe,31,2.0,CLE,18,13.0,0.41935483870967744
2013,Nemanja Nedović,30,-0.3,PHO,35,-5.0,-0.16666666666666666
2013,Archie Goodwin,29,-1.3,OKC,47,-18.0,-0.6206896551724138
2013,Livio Jean-Charles,28,-5.0,SAS,52,-24.0,-0.8571428571428571
2013,Rudy Gobert,27,21.0,DEN,2,25.0,0.9259259259259259
2013,Andre Roberson,26,4.4,MIN,13,13.0,0.5
2013,Reggie Bullock,25,1.7,LAC,20,5.0,0.2
2013,Tim Hardaway,24,0.6,NYK,23,1.0,0.041666666666666664
2013,Solomon Hill,23,2.3,IND,17,6.0,0.2608695652173913
2013,Mason Plumlee,22,11.6,BRK,4,18.0,0.8181818181818182
2013,Gorgui Dieng,21,9.2,UTA,7,14.0,0.6666666666666666
2013,Tony Snell,20,0.3,CHI,24,-4.0,-0.2
2013,Sergey Karasev,19,-0.3,CLE,35,-16.0,-0.8421052631578947
2013,Shane Larkin,18,-0.6,ATL,43,-25.0,-1.3888888888888888
2013,Dennis Schröder,17,0.0,ATL,26,-9.0,-0.5294117647058824
2013,Lucas Nogueira,16,3.0,BOS,14,2.0,0.125
2013,Giannis Antetokounmpo,15,24.8,MIL,1,14.0,0.9333333333333333
2013,Shabazz Muhammad,14,-2.5,UTA,51,-37.0,-2.642857142857143
2013,Kelly Olynyk,13,8.1,DAL,8,5.0,0.38461538461538464
2013,Steven Adams,12,11.8,OKC,3,9.0,0.75
2013,Michael Carter-Williams,11,2.7,PHI,15,-4.0,-0.36363636363636365
2013,CJ McCollum,10,7.0,POR,10,0.0,0.0
2013,Trey Burke,9,-0.4,MIN,39,-30.0,-3.3333333333333335
2013,Kentavious Caldwell-Pope,8,7.2,DET,9,-1.0,-0.125
2013,Ben McLemore,7,-1.7,SAC,49,-42.0,-6.0
2013,Nerlens Noel,6,6.3,NOH,11,-5.0,-0.8333333333333334
2013,Alex Len,5,0.8,PHO,22,-17.0,-3.4
2013,Cody Zeller,4,5.9,CHA,12,-8.0,-2.0
2013,Otto Porter,3,10.7,WAS,5,-2.0,-0.6666666666666666
2013,Victor Oladipo,2,10.4,ORL,6,-4.0,-2.0
2013,Anthony Bennett,1,-1.7,CLE,49,-48.0,-48.0
2014,Cory Jefferson,60,-0.4,SAS,35,25.0,0.4166666666666667
2014,Xavier Thames,59,-5.0,TOR,54,5.0,0.0847457627118644
2014,Jordan McRae,58,-0.7,SAS,41,17.0,0.29310344827586204
2014,Louis Labeyrie,57,-5.0,IND,54,3.0,0.05263157894736842
2014,Devyn Marble,56,-0.3,DEN,32,24.0,0.42857142857142855
2014,Semaj Christon,55,-1.1,MIA,46,9.0,0.16363636363636364
2014,Nemanja Dangubić,54,-5.0,PHI,54,0.0,0.0
2014,Alessandro Gentile,53,-5.0,MIN,54,-1.0,-0.018867924528301886
2014,Vasilije Micić,52,-5.0,PHI,54,-2.0,-0.038461538461538464
2014,Thanasis Antetokounmpo,51,0.0,NYK,26,25.0,0.49019607843137253
2014,Alec Brown,50,-5.0,PHO,54,-4.0,-0.08
2014,Cameron Bairstow,49,-0.2,CHI,29,20.0,0.40816326530612246
2014,Lamar Patterson,48,-0.4,MIL,35,13.0,0.2708333333333333
2014,Russ Smith,47,-0.1,PHI,28,19.0,0.40425531914893614
2014,Jordan Clarkson,46,0.6,WAS,21,25.0,0.5434782608695652
2014,Dwight Powell,45,6.1,CHH,5,40.0,0.8888888888888888
2014,Markel Brown,44,-0.4,MIN,35,9.0,0.20454545454545456
2014,Edy Tavares,43,0.0,ATL,26,17.0,0.3953488372093023
2014,Nick Johnson,42,-0.3,HOU,32,10.0,0.23809523809523808
2014,Nikola Jokić,41,21.2,DEN,1,40.0,0.975609756097561
2014,Glenn Robinson,40,-0.5,MIN,39,1.0,0.025
2014,Jerami Grant,39,2.0,PHI,16,23.0,0.5897435897435898
2014,Spencer Dinwiddie,38,2.1,DET,15,23.0,0.6052631578947368
2014,DeAndre Daniels,37,-5.0,TOR,54,-17.0,-0.4594594594594595
2014,Johnny O'Bryant,36,-1.9,MIL,52,-16.0,-0.4444444444444444
2014,Jarnell Stokes,35,0.1,UTA,24,11.0,0.3142857142857143
2014,Cleanthony Early,34,-0.8,NYK,43,-9.0,-0.2647058823529412
2014,Joe Harris,33,2.2,CLE,13,20.0,0.6060606060606061
2014,K.J. McDaniels,32,-0.7,PHI,41,-9.0,-0.28125
2014,Damien Inglis,31,-0.2,MIL,29,2.0,0.06451612903225806
2014,Kyle Anderson,30,6.1,SAS,5,25.0,0.8333333333333334
2014,Josh Huestis,29,-0.5,OKC,39,-10.0,-0.3448275862068966
2014,C.J. Wilcox,28,-0.3,LAC,32,-4.0,-0.14285714285714285
2014,Bogdan Bogdanović,27,1.2,PHO,18,9.0,0.3333333333333333
2014,P.J. Hairston,26,-1.0,MIA,45,-19.0,-0.7307692307692307
2014,Clint Capela,25,7.3,HOU,2,23.0,0.92
2014,Shabazz Napier,24,0.5,CHH,22,2.0,0.08333333333333333
2014,Rodney Hood,23,2.2,UTA,13,10.0,0.43478260869565216
2014,Jordan Adams,22,0.1,MEM,24,-2.0,-0.09090909090909091
2014,Mitch McGary,21,-0.2,OKC,29,-8.0,-0.38095238095238093
2014,Bruno Caboclo,20,0.2,TOR,23,-3.0,-0.15
2014,Gary Harris,19,4.3,CHI,9,10.0,0.5263157894736842
2014,Tyler Ennis,18,-1.5,PHO,49,-31.0,-1.7222222222222223
2014,James Young,17,-0.4,BOS,35,-18.0,-1.0588235294117647
2014,Jusuf Nurkić,16,5.9,CHI,7,9.0,0.5625
2014,Adreian Payne,15,-1.2,ATL,47,-32.0,-2.1333333333333333
2014,T.J. Warren,14,1.3,PHO,17,-3.0,-0.21428571428571427
2014,Zach LaVine,13,0.9,MIN,19,-6.0,-0.46153846153846156
2014,Dario Šarić,12,2.3,ORL,12,0.0,0.0
2014,Doug McDermott,11,-1.8,DEN,50,-39.0,-3.5454545454545454
2014,Elfrid Payton,10,4.2,PHI,10,0.0,0.0
2014,Noah Vonleh,9,-0.8,CHH,43,-34.0,-3.7777777777777777
2014,Nik Stauskas,8,-2.1,SAC,53,-45.0,-5.625
2014,Julius Randle,7,3.6,LAL,11,-4.0,-0.5714285714285714
2014,Marcus Smart,6,6.4,BOS,4,2.0,0.3333333333333333
2014,Dante Exum,5,-1.3,UTA,48,-43.0,-8.6
2014,Aaron Gordon,4,5.3,ORL,8,-4.0,-1.0
2014,Joel Embiid,3,6.5,PHI,3,0.0,0.0
2014,Jabari Parker,2,0.9,MIL,19,-17.0,-8.5
2014,Andrew Wiggins,1,-1.8,CLE,50,-49.0,-49.0
2015,Luka Mitrović,60,-5.0,PHI,45,15.0,0.25
2015,Dimitrios Agravanis,59,-5.0,ATL,45,14.0,0.23728813559322035
2015,J.P. Tokoto,58,-5.0,PHI,45,13.0,0.22413793103448276
2015,Nikola Radičević,57,-5.0,DEN,45,12.0,0.21052631578947367
2015,Branden Dawson,56,0.0,NOP,24,32.0,0.5714285714285714
2015,Cady Lalanne,55,-5.0,SAS,45,10.0,0.18181818181818182
2015,Dani Díez de la Faya,54,-5.0,UTA,45,9.0,0.16666666666666666
2015,Sir'Dominic Pointer,53,-5.0,CLE,45,8.0,0.1509433962264151
2015,Satnam Singh Bhamara,52,-5.0,DAL,45,7.0,0.1346153846153846
2015,Tyler Harvey,51,-5.0,ORL,45,6.0,0.11764705882352941
2015,Marcus Eriksson,50,-5.0,ATL,45,5.0,0.1
2015,Aaron White,49,-5.0,WAS,45,4.0,0.08163265306122448
2015,Dakari Johnson,48,0.1,OKC,21,27.0,0.5625
2015,Artūras Gudaitis,47,-5.0,PHI,45,2.0,0.0425531914893617
2015,Norman Powell,46,0.6,MIL,20,26.0,0.5652173913043478
2015,Marcus Thornton,45,-5.0,BOS,45,0.0,0.0
2015,Andrew Harrison,44,-0.5,PHO,34,10.0,0.22727272727272727
2015,Joe Young,43,-0.9,IND,39,4.0,0.09302325581395349
2015,Olivier Hanlan,42,-5.0,UTA,45,-3.0,-0.07142857142857142
2015,Pat Connaughton,41,1.2,BRK,18,23.0,0.5609756097560976
2015,Josh Richardson,40,5.6,MIA,4,36.0,0.9
2015,Juan Pablo Vaulet,39,-5.0,CHO,45,-6.0,-0.15384615384615385
2015,Darrun Hilliard,38,-0.7,DET,38,0.0,0.0
2015,Richaun Holmes,37,3.0,PHI,10,27.0,0.7297297297297297
2015,Rakeem Christmas,36,-0.1,MIN,28,8.0,0.2222222222222222
2015,Willy Hernangómez,35,1.4,PHI,15,20.0,0.5714285714285714
2015,Anthony Brown,34,-0.5,LAL,34,0.0,0.0
2015,Jordan Mickey,33,-0.3,BOS,32,1.0,0.030303030303030304
2015,Montrezl Harrell,32,5.6,HOU,4,28.0,0.875
2015,Cedi Osman,31,-0.2,MIN,30,1.0,0.03225806451612903
2015,Kevon Looney,30,3.1,GSW,9,21.0,0.7
2015,Chris McCullough,29,0.0,BRK,24,5.0,0.1724137931034483
2015,R.J. Hunter,28,-0.1,BOS,28,0.0,0.0
2015,Larry Nance,27,6.3,LAL,3,24.0,0.8888888888888888
2015,Nikola Milutinov,26,-5.0,SAS,45,-19.0,-0.7307692307692307
2015,Jarell Martin,25,-1.3,MEM,40,-15.0,-0.6
2015,Tyus Jones,24,0.8,CLE,19,5.0,0.20833333333333334
2015,Rondae Hollis-Jefferson,23,1.4,POR,15,8.0,0.34782608695652173
2015,Bobby Portis,22,0.0,CHI,24,-2.0,-0.09090909090909091
2015,Justin Anderson,21,0.1,DAL,21,0.0,0.0
2015,Delon Wright,20,3.6,TOR,8,12.0,0.6
2015,Jerian Grant,19,0.0,WAS,24,-5.0,-0.2631578947368421
2015,Sam Dekker,18,0.1,HOU,21,-3.0,-0.16666666666666666
2015,Rashad Vaughn,17,-1.5,MIL,42,-25.0,-1.4705882352941178
2015,Terry Rozier,16,2.0,BOS,12,4.0,0.25
2015,Kelly Oubre,15,-0.4,ATL,33,-18.0,-1.2
2015,Cameron Payne,14,-0.6,OKC,36,-22.0,-1.5714285714285714
2015,Devin Booker,13,2.0,PHO,12,1.0,0.07692307692307693
2015,Trey Lyles,12,-0.6,UTA,36,-24.0,-2.0
2015,Myles Turner,11,6.8,IND,2,9.0,0.8181818181818182
2015,Justise Winslow,10,2.0,MIA,12,-2.0,-0.2
2015,Frank Kaminsky,9,1.3,CHO,17,-8.0,-0.8888888888888888
2015,Stanley Johnson,8,-0.2,DET,30,-22.0,-2.75
2015,Emmanuel Mudiay,7,-2.8,DEN,44,-37.0,-5.285714285714286
2015,Willie Cauley-Stein,6,4.7,SAC,6,0.0,0.0
2015,Mario Hezonja,5,-1.3,ORL,40,-35.0,-7.0
2015,Kristaps Porziņģis,4,2.8,NYK,11,-7.0,-1.75
2015,Jahlil Okafor,3,-1.5,PHI,42,-39.0,-13.0
2015,D'Angelo Russell,2,4.6,LAL,7,-5.0,-2.5
2015,Karl-Anthony Towns,1,19.6,MIN,1,0.0,0.0
2016,Tyrone Wallace,60,-0.7,UTA,44,16.0,0.26666666666666666
2016,Isaiah Cousins,59,-5.0,SAC,55,4.0,0.06779661016949153
2016,Abdel Nader,58,-1.0,BOS,48,10.0,0.1724137931034483
2016,Wang Zhelin,57,-5.0,MEM,55,2.0,0.03508771929824561
2016,Daniel Hamilton,56,-0.2,DEN,35,21.0,0.375
2016,Marcus Paige,55,0.0,BRK,22,33.0,0.6
2016,Kay Felder,54,-0.8,ATL,45,9.0,0.16666666666666666
2016,Petr Cornelie,53,-5.0,DEN,55,-2.0,-0.03773584905660377
2016,Joel Bolomboy,52,0.0,UTA,22,30.0,0.5769230769230769
2016,Ben Bentil,51,-0.1,BOS,27,24.0,0.47058823529411764
2016,Georges Niang,50,-0.1,IND,27,23.0,0.46
2016,Michael Gbinije,49,-0.1,DET,27,22.0,0.4489795918367347
2016,Paul Zipser,48,-1.2,CHI,51,-3.0,-0.0625
2016,Jake Layman,47,0.1,ORL,20,27.0,0.574468085106383
2016,A.J. Hammons,46,-0.1,DAL,27,19.0,0.41304347826086957
2016,Demetrius Jackson,45,0.0,BOS,22,23.0,0.5111111111111111
2016,Isaïa Cordinier,44,-5.0,ATL,55,-11.0,-0.25
2016,Zhou Qi,43,-0.2,HOU,35,8.0,0.18604651162790697
2016,Isaiah Whitehead,42,-1.4,UTA,52,-10.0,-0.23809523809523808
2016,Stephen Zimmerman,41,-0.1,ORL,27,14.0,0.34146341463414637
2016,Diamond Stone,40,-0.1,NOP,27,13.0,0.325
2016,David Michineau,39,-5.0,NOP,55,-16.0,-0.41025641025641024
2016,Patrick McCaw,38,-0.2,MIL,35,3.0,0.07894736842105263
2016,Chinanu Onuaku,37,0.0,HOU,22,15.0,0.40540540540540543
2016,Malcolm Brogdon,36,2.6,MIL,5,31.0,0.8611111111111112
2016,Rade Zagorac,35,-5.0,BOS,55,-20.0,-0.5714285714285714
2016,Tyler Ulis,34,-1.9,PHO,54,-20.0,-0.5882352941176471
2016,Cheick Diallo,33,-0.2,LAC,35,-2.0,-0.06060606060606061
2016,Ivica Zubac,32,0.4,LAL,13,19.0,0.59375
2016,Deyonta Davis,31,0.2,BOS,16,15.0,0.4838709677419355
2016,Damian Jones,30,0.2,GSW,16,14.0,0.4666666666666667
2016,Dejounte Murray,29,1.2,SAS,9,20.0,0.6896551724137931
2016,Skal Labissière,28,-0.3,PHO,40,-12.0,-0.42857142857142855
2016,Pascal Siakam,27,5.4,TOR,2,25.0,0.9259259259259259
2016,Furkan Korkmaz,26,-0.1,PHI,27,-1.0,-0.038461538461538464
2016,Brice Johnson,25,0.0,LAC,22,3.0,0.12
2016,Timothé Luwawu-Cabarrot,24,-1.6,PHI,53,-29.0,-1.2083333333333333
2016,Ante Žižić,23,-0.2,BOS,35,-12.0,-0.5217391304347826
2016,Malachi Richardson,22,-0.8,CHO,45,-23.0,-1.0454545454545454
2016,DeAndre' Bembry,21,-0.6,ATL,43,-22.0,-1.0476190476190477
2016,Caris LeVert,20,1.5,IND,8,12.0,0.6
2016,Malik Beasley,19,0.2,DEN,16,3.0,0.15789473684210525
2016,Henry Ellenson,18,-0.8,DET,45,-27.0,-1.5
2016,Wade Baldwin,17,-0.5,MEM,42,-25.0,-1.4705882352941178
2016,Guerschon Yabusele,16,0.1,BOS,20,-4.0,-0.25
2016,Juan Hernangómez,15,0.4,DEN,13,2.0,0.13333333333333333
2016,Denzel Valentine,14,0.6,CHI,12,2.0,0.14285714285714285
2016,Georgios Papagiannis,13,-0.1,PHO,27,-14.0,-1.0769230769230769
2016,Taurean Waller-Prince,12,0.8,UTA,10,2.0,0.16666666666666666
2016,Domantas Sabonis,11,2.3,ORL,6,5.0,0.45454545454545453
2016,Thon Maker,10,0.2,MIL,16,-6.0,-0.6
2016,Jakob Pöltl,9,4.2,TOR,3,6.0,0.6666666666666666
2016,Marquese Chriss,8,-0.4,SAC,41,-33.0,-4.125
2016,Jamal Murray,7,2.2,DEN,7,0.0,0.0
2016,Buddy Hield,6,2.7,NOP,4,2.0,0.3333333333333333
2016,Kris Dunn,5,0.7,MIN,11,-6.0,-1.2
2016,Dragan Bender,4,-1.0,PHO,48,-44.0,-11.0
2016,Jaylen Brown,3,0.3,BOS,15,-12.0,-4.0
2016,Brandon Ingram,2,-1.0,LAL,48,-46.0,-23.0
2016,Ben Simmons,1,8.7,PHI,1,0.0,0.0
2017,Alpha Kaba,60,-5.0,ATL,54,6.0,0.1
2017,Jaron Blossomgame,59,-0.3,SAS,36,23.0,0.3898305084745763
2017,Ognjen Jaramaz,58,-5.0,NYK,54,4.0,0.06896551724137931
2017,Aleksandar Vezenkov,57,-5.0,BRK,54,3.0,0.05263157894736842
2017,Jabari Bird,56,0.0,BOS,23,33.0,0.5892857142857143
2017,Nigel Williams-Goss,55,-5.0,UTA,54,1.0,0.01818181818181818
2017,Alec Peters,54,-0.1,PHO,31,23.0,0.42592592592592593
2017,Kadeem Allen,53,0.0,BOS,23,30.0,0.5660377358490566
2017,Edmond Sumner,52,-0.1,NOP,31,21.0,0.40384615384615385
2017,Monte Morris,51,1.1,DEN,12,39.0,0.7647058823529411
2017,Mathias Lessort,50,-5.0,PHI,54,-4.0,-0.08
2017,Vlatko Čančar,49,-5.0,DEN,54,-5.0,-0.10204081632653061
2017,Sindarius Thornwell,48,0.0,MIL,23,25.0,0.5208333333333334
2017,Ike Anigbogu,47,0.0,IND,23,24.0,0.5106382978723404
2017,Sterling Brown,46,-0.3,PHI,36,10.0,0.21739130434782608
2017,Dillon Brooks,45,-1.0,HOU,49,-4.0,-0.08888888888888889
2017,Damyean Dotson,44,-0.3,NYK,36,8.0,0.18181818181818182
2017,Isaiah Hartenstein,43,0.1,HOU,20,23.0,0.5348837209302325
2017,Thomas Bryant,42,1.3,UTA,9,33.0,0.7857142857142857
2017,Tyler Dorsey,41,-0.9,ATL,47,-6.0,-0.14634146341463414
2017,Dwayne Bacon,40,-1.0,NOP,49,-9.0,-0.225
2017,Jawun Evans,39,-0.7,PHI,45,-6.0,-0.15384615384615385
2017,Jordan Bell,38,1.5,CHI,7,31.0,0.8157894736842105
2017,Semi Ojeleye,37,-0.8,BOS,46,-9.0,-0.24324324324324326
2017,Jonah Bolden,36,0.5,PHI,16,20.0,0.5555555555555556
2017,Ivan Rabb,35,0.3,ORL,19,16.0,0.45714285714285713
2017,Frank Mason,34,-0.6,SAC,43,-9.0,-0.2647058823529412
2017,Wesley Iwundu,33,-0.6,ORL,43,-10.0,-0.30303030303030304
2017,Davon Reed,32,-0.3,PHO,36,-4.0,-0.125
2017,Frank Jackson,31,-0.9,CHO,47,-16.0,-0.5161290322580645
2017,Josh Hart,30,1.3,UTA,9,21.0,0.7
2017,Derrick White,29,1.4,SAS,8,21.0,0.7241379310344828
2017,Tony Bradley,28,0.0,LAL,23,5.0,0.17857142857142858
2017,Kyle Kuzma,27,0.6,BRK,15,12.0,0.4444444444444444
2017,Caleb Swanigan,26,-0.4,POR,41,-15.0,-0.5769230769230769
2017,Anžejs Pasečņiks,25,-5.0,ORL,54,-29.0,-1.16
2017,Tyler Lydon,24,0.0,UTA,23,1.0,0.041666666666666664
2017,OG Anunoby,23,1.2,TOR,11,12.0,0.5217391304347826
2017,Jarrett Allen,22,3.2,BRK,2,20.0,0.9090909090909091
2017,Terrance Ferguson,21,-0.1,OKC,31,-10.0,-0.47619047619047616
2017,Harry Giles,20,0.0,POR,23,-3.0,-0.15
2017,John Collins,19,3.2,ATL,2,17.0,0.8947368421052632
2017,T.J. Leaf,18,-0.2,IND,34,-16.0,-0.8888888888888888
2017,D.J. Wilson,17,0.1,MIL,20,-3.0,-0.17647058823529413
2017,Justin Patton,16,0.0,CHI,23,-7.0,-0.4375
2017,Justin Jackson,15,-0.4,POR,41,-26.0,-1.7333333333333334
2017,Bam Adebayo,14,3.2,MIA,2,12.0,0.8571428571428571
2017,Donovan Mitchell,13,3.7,DEN,1,12.0,0.9230769230769231
2017,Luke Kennard,12,0.4,DET,17,-5.0,-0.4166666666666667
2017,Malik Monk,11,-1.1,CHO,51,-40.0,-3.6363636363636362
2017,Zach Collins,10,0.4,SAC,17,-7.0,-0.7
2017,Dennis Smith,9,-0.3,DAL,36,-27.0,-3.0
2017,Frank Ntilikina,8,-1.7,NYK,52,-44.0,-5.5
2017,Lauri Markkanen,7,0.1,MIN,20,-13.0,-1.8571428571428572
2017,Jonathan Isaac,6,1.1,ORL,12,-6.0,-1.0
2017,De'Aaron Fox,5,0.8,SAC,14,-9.0,-1.8
2017,Josh Jackson,4,-2.5,PHO,53,-49.0,-12.25
2017,Jayson Tatum,3,2.6,BOS,5,-2.0,-0.6666666666666666
2017,Lonzo Ball,2,2.6,LAL,5,-3.0,-1.5
2017,Markelle Fultz,1,-0.2,PHI,34,-33.0,-33.0
2018,Kostas Antetokounmpo,60,0.0,PHI,17,43.0,0.7166666666666667
2018,George King,59,0.0,PHO,17,42.0,0.711864406779661
2018,Thomas Welsh,58,0.0,DEN,17,41.0,0.7068965517241379
2018,Kevin Hervey,57,-5.0,OKC,54,3.0,0.05263157894736842
2018,Ray Spalding,56,-0.1,PHI,25,31.0,0.5535714285714286
2018,Arnoldas Kulboka,55,-5.0,CHO,54,1.0,0.01818181818181818
2018,Shake Milton,54,0.0,DAL,17,37.0,0.6851851851851852
2018,Devon Hall,53,-5.0,OKC,54,-1.0,-0.018867924528301886
2018,Vince Edwards,52,0.0,UTA,17,35.0,0.6730769230769231
2018,Tony Carr,51,-5.0,NOP,54,-3.0,-0.058823529411764705
2018,Alize Johnson,50,-0.1,IND,25,25.0,0.5
2018,Chimezie Metu,49,-0.3,SAS,41,8.0,0.16326530612244897
2018,Keita Bates-Diop,48,-0.1,MIN,25,23.0,0.4791666666666667
2018,Sviatoslav Mykhailiuk,47,-0.4,LAL,46,1.0,0.02127659574468085
2018,De'Anthony Melton,46,-0.1,HOU,25,21.0,0.45652173913043476
2018,Hamidou Diallo,45,-0.4,BRK,46,-1.0,-0.022222222222222223
2018,Issuf Sanon,44,-5.0,WAS,54,-10.0,-0.22727272727272727
2018,Justin Jackson,43,-5.0,DEN,54,-11.0,-0.2558139534883721
2018,Bruce Brown,42,0.0,DET,17,25.0,0.5952380952380952
2018,Jarred Vanderbilt,41,0.0,ORL,17,24.0,0.5853658536585366
2018,Rodions Kurucs,40,-0.1,BRK,25,15.0,0.375
2018,Isaac Bonga,39,-0.1,PHI,25,14.0,0.358974358974359
2018,Khyri Thomas,38,-0.2,PHI,36,2.0,0.05263157894736842
2018,Gary Trent,37,-0.2,SAC,36,1.0,0.02702702702702703
2018,Mitchell Robinson,36,2.7,NYK,2,34.0,0.9444444444444444
2018,Melvin Frazier,35,-0.1,ORL,25,10.0,0.2857142857142857
2018,Devonte' Graham,34,-0.4,ATL,46,-12.0,-0.35294117647058826
2018,Jalen Brunson,33,-0.2,DAL,36,-3.0,-0.09090909090909091
2018,Jevon Carter,32,-0.3,MEM,41,-9.0,-0.28125
2018,Élie Okobo,31,-0.9,PHO,51,-20.0,-0.6451612903225806
2018,Omari Spellman,30,0.2,ATL,13,17.0,0.5666666666666667
2018,Džanan Musa,29,-0.1,BRK,25,4.0,0.13793103448275862
2018,Jacob Evans,28,-0.3,GSW,41,-13.0,-0.4642857142857143
2018,Robert Williams,27,0.5,BOS,9,18.0,0.6666666666666666
2018,Landry Shamet,26,0.5,PHI,9,17.0,0.6538461538461539
2018,Moritz Wagner,25,-0.3,LAL,41,-16.0,-0.64
2018,Anfernee Simons,24,-0.2,POR,36,-12.0,-0.5
2018,Aaron Holiday,23,-0.1,IND,25,-2.0,-0.08695652173913043
2018,Chandler Hutchison,22,-0.5,CHI,49,-27.0,-1.2272727272727273
2018,Grayson Allen,21,-0.5,UTA,49,-28.0,-1.3333333333333333
2018,Josh Okogie,20,0.1,MIN,14,6.0,0.3
2018,Kevin Huerter,19,0.1,ATL,14,5.0,0.2631578947368421
2018,Lonnie Walker,18,-0.1,SAS,25,-7.0,-0.3888888888888889
2018,Donte DiVincenzo,17,0.0,MIL,17,0.0,0.0
2018,Zhaire Smith,16,-0.1,PHO,25,-9.0,-0.5625
2018,Troy Brown,15,-0.3,WAS,41,-26.0,-1.7333333333333334
2018,Michael Porter,14,-5.0,DEN,54,-40.0,-2.857142857142857
2018,Jerome Robinson,13,-0.2,LAC,36,-23.0,-1.7692307692307692
2018,Miles Bridges,12,0.6,LAC,7,5.0,0.4166666666666667
2018,Shai Gilgeous-Alexander,11,0.9,CHO,5,6.0,0.5454545454545454
2018,Mikal Bridges,10,1.1,PHI,4,6.0,0.6
2018,Kevin Knox,9,-2.2,NYK,53,-44.0,-4.888888888888889
2018,Collin Sexton,8,-2.1,CLE,52,-44.0,-5.5
2018,Wendell Carter,7,0.4,CHI,11,-4.0,-0.5714285714285714
2018,Mohamed Bamba,6,0.4,ORL,11,-5.0,-0.8333333333333334
2018,Trae Young,5,0.6,DAL,7,-2.0,-0.4
2018,Jaren Jackson,4,0.8,MEM,6,-2.0,-0.5
2018,Luka Dončić,3,3.6,ATL,1,2.0,0.6666666666666666
2018,Marvin Bagley,2,0.1,SAC,14,-12.0,-6.0
2018,Deandre Ayton,1,1.2,PHO,3,-2.0,-2.0
