VORP_Deficit,PlayerID,Free Throw %,BPM,YearDrafted,OverallRank,New_Draft_Order,Points Per Game,Assists,Rebounds Per Game,Seasons,Rebounds,Assists Per Game,Three Point %,OverallReDraft,VORP,Points,Minutes Per Game,Team,Minutes,Field Goal %,Player,Win Shares Per 48 Minutes,College,Win Shares,Games,RankDeficit
38.8,20096,0.905,6.5,2009,7,7,23.5,4588.0,4.5,10.0,3132.0,6.6,0.436,2,51.1,16315.0,34.4,GSW,23859.0,0.47700000000000004,Stephen Curry,0.207,Davidson,102.9,694.0,5.0
37.2,20083,0.8009999999999999,6.6,2008,4,4,23.0,6897.0,7.0,11.0,5760.0,8.4,0.308,1,61.6,18859.0,34.5,SEA,28330.0,0.434,Russell Westbrook,0.16399999999999998,UCLA,96.9,821.0,3.0
27.6,20092,0.857,7.1,2009,3,3,24.3,4743.0,5.2,10.0,4000.0,6.2,0.365,1,59.9,18627.0,34.1,OKC,26106.0,0.44299999999999995,James Harden,0.22399999999999998,Arizona State,121.9,765.0,2.0
26.1,200824,0.841,2.4,2008,25,25,11.8,2901.0,5.3,11.0,4037.0,3.8,0.358,2,26.8,9039.0,31.6,HOU,24228.0,0.435,Nicolas Batum,0.107,,54.1,767.0,23.0
25.9,201129,0.835,4.0,2011,30,30,16.7,1805.0,4.9,8.0,2577.0,3.5,0.341,2,26.0,8730.0,32.9,CHI,17229.0,0.45399999999999996,Jimmy Butler,0.184,Marquette,66.1,523.0,28.0
24.5,201114,0.848,6.1,2011,15,15,17.7,1123.0,6.3,8.0,2950.0,2.4,0.38299999999999995,1,29.4,8250.0,30.8,IND,14404.0,0.495,Kawhi Leonard,0.21899999999999997,San Diego State,65.8,467.0,14.0
22.2,20109,0.8440000000000001,3.8,2010,10,10,19.8,2000.0,6.4,9.0,3891.0,3.3,0.37799999999999995,1,29.9,11983.0,33.8,IND,20424.0,0.433,Paul George,0.153,Fresno State,65.2,604.0,9.0
22.1,201314,0.742,4.5,2013,15,15,18.8,1921.0,8.3,6.0,3844.0,4.1,0.27699999999999997,1,24.8,8745.0,32.7,MIL,15220.0,0.521,Giannis Antetokounmpo,0.168,,53.2,465.0,14.0
21.1,20125,0.889,4.0,2012,6,6,23.5,3479.0,4.2,7.0,2289.0,6.3,0.368,1,29.9,12909.0,36.3,POR,19907.0,0.434,Damian Lillard,0.16899999999999998,Weber State,70.3,549.0,5.0
20.9,200945,0.8170000000000001,3.0,2009,46,45,9.0,997.0,3.5,10.0,2169.0,1.6,0.40399999999999997,4,19.9,5576.0,25.4,CLE,15769.0,0.424,Danny Green,0.11900000000000001,UNC,39.2,620.0,42.0
18.5,200825,0.8009999999999999,1.7,2008,26,26,11.2,2324.0,3.1,11.0,2253.0,3.2,0.37799999999999995,5,19.0,8164.0,28.2,SAS,20471.0,0.45299999999999996,George Hill,0.14,IUPUI,59.9,726.0,21.0
17.9,201159,0.8740000000000001,1.9,2011,60,54,18.6,2453.0,2.5,8.0,1220.0,5.1,0.36,6,13.9,9020.0,29.4,SAC,14257.0,0.43700000000000006,Isaiah Thomas,0.152,Washington,45.3,485.0,54.0
14.0,201017,0.794,2.2,2010,18,18,14.1,2724.0,3.9,9.0,2229.0,4.8,0.336,6,16.8,8034.0,27.9,OKC,15903.0,0.455,Eric Bledsoe,0.11199999999999999,Kentucky,37.0,570.0,12.0
13.9,20118,0.835,2.5,2011,9,9,19.8,3308.0,3.8,8.0,2317.0,5.5,0.35700000000000004,4,23.2,12009.0,34.1,CHA,20607.0,0.418,Kemba Walker,0.113,UConn,48.5,605.0,5.0
13.2,200823,0.7609999999999999,0.6,2008,24,24,12.3,545.0,7.3,10.0,5492.0,0.7,0.35700000000000004,8,14.3,9298.0,28.7,SEA,21624.0,0.514,Serge Ibaka,0.142,,63.9,753.0,16.0
12.2,201137,0.713,1.6,2011,38,38,12.8,1198.0,4.5,8.0,1965.0,2.8,0.373,7,12.0,5557.0,30.3,HOU,13192.0,0.462,Chandler Parsons,0.106,Florida,29.0,435.0,31.0
11.3,200941,0.77,1.9,2009,42,41,9.0,1312.0,4.3,7.0,1618.0,3.5,0.38,10,10.7,3438.0,28.3,LAL,10761.0,0.41200000000000003,Patrick Beverley,0.11,Arkansas,24.8,380.0,32.0
10.9,200916,0.784,1.3,2009,17,17,15.6,4151.0,3.8,10.0,2499.0,6.4,0.355,5,18.0,10148.0,33.1,PHI,21586.0,0.452,Jrue Holiday,0.087,UCLA,39.1,652.0,12.0
10.8,201321,0.565,2.4,2013,22,22,8.5,1029.0,6.3,6.0,2977.0,2.2,0.07400000000000001,4,11.6,3989.0,22.1,BRK,10420.0,0.57,Mason Plumlee,0.14300000000000002,Duke,31.0,471.0,18.0
10.7,201115,0.741,1.7,2011,16,16,15.7,1310.0,10.1,8.0,5437.0,2.4,0.332,5,15.2,8411.0,30.0,PHI,16105.0,0.502,Nikola Vučević,0.124,USC,41.7,536.0,11.0
9.8,200954,0.8490000000000001,0.4,2009,55,49,8.4,1431.0,1.7,10.0,1010.0,2.4,0.391,17,7.1,5094.0,19.0,POR,11497.0,0.431,Patty Mills,0.115,Saint Mary's,27.5,605.0,38.0
9.0,20108,0.821,1.9,2010,9,9,15.1,2006.0,4.2,9.0,2472.0,3.4,0.364,4,17.5,8904.0,30.6,UTA,18032.0,0.446,Gordon Hayward,0.128,Butler,47.9,589.0,5.0
9.0,201233,0.778,0.6,2012,34,34,9.5,770.0,3.9,7.0,2121.0,1.4,0.33899999999999997,6,8.8,5137.0,24.2,CLE,13153.0,0.423,Jae Crowder,0.105,Marquette,28.7,543.0,28.0
8.8,200925,0.7090000000000001,0.1,2009,26,26,9.8,760.0,6.4,10.0,4731.0,1.0,0.212,12,10.0,7239.0,25.9,CHI,19069.0,0.512,Taj Gibson,0.125,USC,49.8,737.0,14.0
8.5,200926,0.743,0.7,2009,27,27,9.1,701.0,4.3,10.0,2399.0,1.3,0.36,16,9.1,5063.0,24.2,MEM,13385.0,0.43,DeMarre Carroll,0.105,Missouri,29.3,554.0,11.0
8.4,200820,0.8540000000000001,0.6,2008,21,21,12.4,584.0,5.3,11.0,3406.0,0.9,0.38,10,11.0,7996.0,25.9,NJN,16755.0,0.42200000000000004,Ryan Anderson,0.134,Cal,46.7,647.0,11.0
8.0,201121,0.654,1.1,2011,22,22,11.4,470.0,8.1,8.0,3884.0,1.0,0.222,9,9.3,5430.0,24.5,DEN,11728.0,0.546,Kenneth Faried,0.159,Morehead State University,38.8,478.0,13.0
7.8,200821,0.853,-0.2,2008,22,22,9.7,1341.0,2.7,11.0,2095.0,1.7,0.387,12,9.8,7658.0,27.4,ORL,21593.0,0.45,Courtney Lee,0.086,Western Kentucky,38.7,787.0,10.0
7.8,201320,0.79,1.6,2013,21,21,8.0,629.0,6.2,6.0,2812.0,1.4,0.332,7,9.2,3594.0,22.7,UTA,10248.0,0.505,Gorgui Dieng,0.114,Louisville,24.4,452.0,14.0
7.7,200920,0.853,0.1,2009,21,21,12.5,3543.0,2.7,10.0,1885.0,5.0,0.39399999999999996,8,11.1,8857.0,29.4,NOH,20796.0,0.47100000000000003,Darren Collison,0.115,UCLA,49.9,708.0,13.0
6.7,200917,0.77,0.7,2009,18,18,12.7,3316.0,2.7,8.0,1506.0,6.0,0.359,9,10.9,6977.0,29.2,MIN,16088.0,0.46,Ty Lawson,0.126,UNC,42.1,551.0,9.0
6.3,201539,0.821,0.8,2015,40,38,12.1,742.0,3.2,4.0,823.0,2.9,0.368,4,5.6,3134.0,30.7,MIA,7949.0,0.425,Josh Richardson,0.095,Tennessee,15.7,259.0,36.0
6.1,201118,0.8220000000000001,0.1,2011,19,19,15.4,1029.0,6.0,8.0,3250.0,1.9,0.364,10,9.0,8435.0,30.4,CHA,16592.0,0.47100000000000003,Tobias Harris,0.114,Tennessee,39.4,546.0,9.0
6.0,20089,0.7909999999999999,1.0,2008,10,10,17.3,1091.0,6.5,11.0,4695.0,1.5,0.34700000000000003,6,17.0,12414.0,30.9,NJN,22175.0,0.498,Brook Lopez,0.13,Stanford,60.1,717.0,4.0
5.9,20084,0.8270000000000001,2.7,2008,5,5,18.3,1519.0,11.3,11.0,7397.0,2.3,0.37,3,24.9,12006.0,32.0,MEM,21023.0,0.442,Kevin Love,0.179,UCLA,78.2,657.0,2.0
5.9,201311,0.5529999999999999,1.7,2013,12,12,9.7,469.0,7.4,6.0,3446.0,1.0,0.0,3,11.8,4507.0,26.8,OKC,12527.0,0.588,Steven Adams,0.14800000000000002,Pitt,38.7,467.0,9.0
5.9,201012,0.584,0.9,2010,13,13,6.5,499.0,6.8,9.0,4332.0,0.8,0.0,8,9.5,4164.0,20.2,TOR,12953.0,0.569,Ed Davis,0.153,UNC,41.3,640.0,5.0
5.7,201123,0.8590000000000001,-0.1,2011,24,24,12.9,2330.0,3.0,8.0,1567.0,4.4,0.33299999999999996,11,6.6,6835.0,25.2,OKC,13377.0,0.429,Reggie Jackson,0.10099999999999999,Boston College,28.2,530.0,13.0
5.5,201626,0.743,2.2,2016,27,27,10.1,424.0,5.1,3.0,1098.0,2.0,0.309,2,5.4,2172.0,23.5,TOR,5086.0,0.531,Pascal Siakam,0.146,New Mexico State,15.5,216.0,25.0
5.4,201022,0.636,0.2,2010,23,23,6.9,566.0,5.5,8.0,2932.0,1.1,0.305,11,6.0,3679.0,20.4,MIN,10872.0,0.515,Trevor Booker,0.11599999999999999,Clemson,26.2,532.0,12.0
5.3,20104,0.737,2.9,2010,5,5,21.2,1832.0,10.9,9.0,6131.0,3.2,0.332,2,22.5,12006.0,32.0,SAC,18078.0,0.461,DeMarcus Cousins,0.11699999999999999,Kentucky,44.1,565.0,3.0
4.7,201110,0.848,0.2,2011,11,11,19.5,1416.0,3.5,8.0,2130.0,2.3,0.419,8,11.3,11995.0,33.1,GSW,20340.0,0.45899999999999996,Klay Thompson,0.11,Washington State,46.8,615.0,3.0
4.4,201325,0.467,0.6,2013,26,26,4.6,257.0,4.0,5.0,1188.0,0.9,0.257,13,4.4,1356.0,22.5,MIN,6651.0,0.48200000000000004,Andre Roberson,0.092,Colorado,12.7,295.0,13.0
4.3,200859,0.594,-2.0,2008,60,51,3.8,29.0,2.8,2.0,190.0,0.4,,30,0.0,262.0,13.4,BOS,928.0,0.546,Semih Erden,0.094,,1.8,69.0,30.0
4.3,201122,0.8079999999999999,0.7,2011,23,23,12.3,407.0,5.9,5.0,1894.0,1.3,0.359,14,5.3,3910.0,24.2,HOU,7718.0,0.423,Nikola Mirotić,0.129,,20.8,319.0,9.0
4.3,200942,0.83,-0.8,2009,43,42,11.9,677.0,2.8,8.0,1348.0,1.4,0.358,21,3.4,5750.0,23.4,MIA,11299.0,0.425,Marcus Thornton,0.085,LSU,20.0,483.0,22.0
4.0,201510,0.7709999999999999,1.4,2015,11,11,12.9,349.0,6.7,4.0,1869.0,1.2,0.363,2,6.8,3604.0,28.1,IND,7863.0,0.495,Myles Turner,0.135,Texas,22.1,280.0,9.0
3.9,201239,0.7879999999999999,-0.7,2012,40,40,10.5,1036.0,3.9,7.0,1724.0,2.4,0.341,13,3.4,4618.0,23.3,POR,10194.0,0.431,Will Barton,0.077,Memphis,16.4,438.0,27.0
3.9,201415,0.6659999999999999,1.3,2014,16,16,11.6,589.0,8.0,5.0,2480.0,1.9,0.071,7,5.9,3608.0,22.9,CHI,7103.0,0.491,Jusuf Nurkić,0.111,,16.4,310.0,9.0
3.9,200816,0.755,0.2,2008,17,17,10.0,885.0,6.3,9.0,4173.0,1.3,0.25,15,9.1,6611.0,24.8,TOR,16389.0,0.465,Roy Hibbert,0.105,Georgetown,35.9,662.0,2.0
3.7,201312,0.765,1.4,2013,13,13,9.9,818.0,4.9,6.0,2116.0,1.9,0.36700000000000005,8,8.1,4287.0,21.6,DAL,9347.0,0.478,Kelly Olynyk,0.128,Gonzaga,24.9,433.0,5.0
3.6,201536,0.706,1.1,2015,37,36,7.7,212.0,4.4,4.0,988.0,0.9,0.257,10,3.0,1729.0,16.9,PHI,3825.0,0.565,Richaun Holmes,0.155,Bowling Green,12.4,226.0,27.0
3.4,201418,0.802,-0.1,2014,19,19,12.4,661.0,2.6,5.0,798.0,2.1,0.365,9,4.3,3878.0,28.5,CHI,8883.0,0.46,Gary Harris,0.086,Michigan State,16.0,312.0,10.0
3.3,201154,0.7440000000000001,-1.8,2011,55,53,8.0,937.0,2.0,8.0,1032.0,1.8,0.392,26,0.7,4144.0,21.7,BOS,11155.0,0.45799999999999996,E'Twaun Moore,0.057999999999999996,Purdue,13.5,515.0,29.0
3.3,201220,0.723,0.5,2012,21,21,10.8,477.0,7.5,5.0,2006.0,1.8,0.272,11,4.1,2893.0,24.3,BOS,6532.0,0.436,Jared Sullinger,0.113,Ohio State,15.3,269.0,10.0
3.2,201141,0.846,1.3,2011,42,42,6.2,220.0,2.3,3.0,515.0,1.0,0.40399999999999997,19,2.9,1365.0,16.0,IND,3526.0,0.444,Dāvis Bertāns,0.127,,9.3,220.0,23.0
3.1,201214,0.614,0.2,2012,15,15,7.3,437.0,3.7,7.0,1757.0,0.9,0.32299999999999995,8,6.2,3491.0,23.1,PHI,10957.0,0.47600000000000003,Maurice Harkless,0.084,St. John's,19.2,475.0,7.0
3.1,201343,0.841,0.0,2013,44,43,5.7,288.0,3.3,6.0,1002.0,0.9,0.365,16,2.5,1757.0,15.9,DAL,4885.0,0.46799999999999997,Mike Muscala,0.11699999999999999,Bucknell,11.9,307.0,28.0
3.1,20106,0.7040000000000001,1.9,2010,7,7,13.2,1354.0,8.3,9.0,5229.0,2.1,0.059000000000000004,5,17.2,8326.0,27.7,DET,17475.0,0.514,Greg Monroe,0.136,Georgetown,49.7,632.0,2.0
3.0,201054,0.687,1.0,2010,55,48,3.5,107.0,2.6,7.0,641.0,0.4,0.231,20,2.0,879.0,10.5,UTA,2626.0,0.569,Jeremy Evans,0.15,Western Kentucky,8.2,250.0,35.0
3.0,20168,0.56,2.9,2016,9,9,5.4,162.0,4.5,3.0,968.0,0.8,0.5,3,4.2,1155.0,16.1,TOR,3423.0,0.643,Jakob Pöltl,0.17300000000000001,Utah,12.3,213.0,6.0
3.0,201519,0.7959999999999999,1.8,2015,20,20,7.4,536.0,2.8,4.0,549.0,2.7,0.332,8,3.6,1461.0,19.2,TOR,3807.0,0.445,Delon Wright,0.132,Utah,10.5,198.0,12.0
2.9,201718,0.743,1.5,2017,19,19,14.6,219.0,8.4,2.0,1136.0,1.6,0.34600000000000003,2,3.2,1965.0,26.8,ATL,3614.0,0.5660000000000001,John Collins,0.152,Wake Forest,11.4,135.0,17.0
2.9,201057,0.7390000000000001,-4.9,2010,58,51,2.0,7.0,1.0,1.0,43.0,0.2,,36,-0.2,81.0,5.2,LAL,215.0,0.485,Derrick Caracter,0.057,Texas-El Paso,0.3,41.0,22.0
2.8,201555,1.0,-6.6,2015,56,44,0.8,0.0,0.7,1.0,4.0,0.0,,24,0.0,5.0,4.8,NOP,29.0,0.4,Branden Dawson,0.069,Michigan State,0.0,6.0,32.0
2.8,201635,0.895,0.0,2016,36,35,12.8,674.0,3.5,3.0,657.0,3.6,0.408,5,2.6,2393.0,28.1,MIL,5250.0,0.484,Malcolm Brogdon,0.122,Virginia,13.4,187.0,31.0
2.7,200952,0.835,-0.8,2009,53,48,3.8,203.0,1.8,2.0,211.0,1.7,0.363,28,0.4,453.0,11.9,SAS,1414.0,0.429,Nando De Colo,0.081,,2.4,119.0,25.0
2.6,201259,0.6709999999999999,-3.1,2012,60,56,4.2,126.0,3.1,4.0,593.0,0.7,0.0,43,-0.8,787.0,14.5,LAL,2745.0,0.436,Robert Sacre,0.042,Gonzaga,2.4,189.0,17.0
2.5,201257,0.867,-2.9,2012,58,55,3.9,50.0,2.7,2.0,266.0,0.5,0.34299999999999997,38,-0.3,379.0,14.3,MIN,1397.0,0.418,Robbie Hummel,0.066,Purdue,1.9,98.0,20.0
2.4,20182,0.713,4.1,2018,3,3,21.2,429.0,7.8,1.0,563.0,6.0,0.327,1,3.6,1526.0,32.2,ATL,2318.0,0.42700000000000005,Luka Dončić,0.10099999999999999,,4.9,72.0,2.0
2.4,201713,0.728,1.8,2017,14,14,8.0,285.0,6.5,2.0,978.0,1.9,0.136,2,3.2,1206.0,21.7,MIA,3281.0,0.55,Bam Adebayo,0.161,Kentucky,11.0,151.0,12.0
2.3,201056,,-5.5,2010,57,50,1.6,0.0,0.4,1.0,2.0,0.0,,26,0.0,8.0,3.4,IND,17.0,0.8,Ryan Reid,0.142,Florida State,0.1,5.0,31.0
2.2,201859,0.5,-13.3,2018,60,53,1.0,0.0,0.5,1.0,1.0,0.0,,17,0.0,2.0,5.5,PHI,11.0,0.0,Kostas Antetokounmpo,-0.247,Dayton,-0.1,2.0,43.0
2.2,201254,0.0,-23.2,2012,55,54,0.0,2.0,0.9,2.0,6.0,0.3,0.0,32,-0.1,0.0,3.0,DAL,21.0,0.0,Darius Johnson-Odom,-0.597,Marquette,-0.3,7.0,23.0
2.2,201219,0.805,-1.0,2012,20,20,13.5,1151.0,2.8,7.0,1262.0,2.5,0.371,15,3.1,6157.0,28.0,DEN,12782.0,0.446,Evan Fournier,0.073,,19.4,457.0,5.0
2.2,201758,0.769,-4.5,2017,59,53,4.2,13.0,3.6,1.0,98.0,0.5,0.256,36,-0.3,114.0,16.3,SAS,439.0,0.44299999999999995,Jaron Blossomgame,0.03,Clemson,0.3,27.0,23.0
2.2,201355,0.733,-7.3,2013,56,51,2.3,34.0,0.6,1.0,14.0,1.4,0.28,35,-0.3,54.0,9.3,DET,224.0,0.316,Peyton Siva,-0.032,Louisville,-0.2,24.0,21.0
2.2,200857,1.0,-5.6,2008,58,50,4.5,1.0,2.0,1.0,4.0,0.5,0.25,30,0.0,9.0,11.5,LAL,23.0,0.3,Joe Crawford,0.037000000000000005,Kentucky,0.0,2.0,28.0
2.1,201858,,-10.6,2018,59,52,0.0,0.0,1.0,1.0,1.0,0.0,,17,0.0,0.0,6.0,PHO,6.0,,George King,-0.001,Colorado,0.0,1.0,42.0
2.1,201545,0.807,-1.4,2015,46,42,7.1,309.0,2.1,4.0,538.0,1.2,0.345,20,0.6,1810.0,16.8,MIL,4281.0,0.442,Norman Powell,0.08199999999999999,UCLA,7.3,255.0,26.0
2.1,201540,0.7959999999999999,-0.6,2015,41,39,4.6,251.0,2.3,4.0,503.0,1.2,0.349,18,1.2,996.0,14.9,BRK,3208.0,0.439,Pat Connaughton,0.10099999999999999,Notre Dame,6.8,216.0,23.0
2.0,200822,0.5820000000000001,-0.9,2008,23,23,5.7,359.0,5.0,11.0,3452.0,0.5,0.0,20,3.3,3913.0,16.4,UTA,11271.0,0.534,Kosta Koufos,0.12,Ohio State,28.3,686.0,3.0
2.0,201422,0.841,-1.0,2014,23,23,12.6,613.0,2.8,5.0,908.0,1.9,0.36700000000000005,13,2.2,4017.0,27.2,UTA,8707.0,0.42200000000000004,Rodney Hood,0.08800000000000001,Duke,16.0,320.0,10.0
2.0,201231,0.792,-0.3,2012,32,32,6.6,777.0,2.8,3.0,595.0,3.7,0.4,19,1.9,1387.0,21.6,WAS,4526.0,0.489,Tomáš Satoranský,0.109,,10.3,210.0,13.0
2.0,200855,0.455,-0.8,2008,56,49,0.9,3.0,1.0,1.0,26.0,0.1,,30,0.0,23.0,3.8,SEA,95.0,0.529,Sasha Kaun,0.096,Kansas,0.2,25.0,26.0
1.9,201534,0.696,0.1,2015,35,34,7.0,189.0,5.6,3.0,996.0,1.1,0.364,15,1.4,1254.0,14.8,PHI,2631.0,0.53,Willy Hernangómez,0.142,,7.8,178.0,20.0
1.8,201252,0.48100000000000004,-0.7,2012,53,52,2.3,28.0,4.3,1.0,176.0,0.7,0.0,26,0.2,93.0,13.2,LAC,540.0,0.513,Furkan Aldemir,0.122,,1.4,41.0,27.0
1.8,201152,0.5489999999999999,-2.0,2011,53,52,2.0,122.0,1.4,5.0,252.0,0.7,0.35200000000000004,31,0.0,346.0,10.8,ORL,1907.0,0.402,DeAndre Liggins,0.04,Kentucky,1.6,177.0,22.0
1.7,201755,0.462,-2.1,2017,56,52,3.0,8.0,1.5,1.0,19.0,0.6,0.429,23,0.0,39.0,8.8,BOS,115.0,0.5770000000000001,Jabari Bird,0.098,Cal,0.2,13.0,33.0
1.7,201459,0.583,-4.6,2014,60,53,3.5,16.0,2.8,2.0,161.0,0.3,0.125,35,-0.4,205.0,10.0,SAS,581.0,0.444,Cory Jefferson,0.071,Baylor,0.9,58.0,25.0
1.7,201741,0.767,1.3,2017,42,41,9.0,98.0,5.4,2.0,471.0,1.1,0.312,9,1.3,780.0,18.0,UTA,1568.0,0.606,Thomas Bryant,0.172,Indiana,5.6,87.0,33.0
1.7,201322,0.809,-0.7,2013,23,23,5.9,471.0,3.3,6.0,997.0,1.5,0.32899999999999996,17,2.3,1805.0,22.7,IND,6912.0,0.395,Solomon Hill,0.064,Arizona,9.2,305.0,6.0
1.6,201610,0.722,-0.3,2016,11,11,10.4,445.0,6.8,3.0,1550.0,1.9,0.34299999999999997,6,2.3,2383.0,23.1,ORL,5280.0,0.513,Domantas Sabonis,0.11900000000000001,Gonzaga,13.1,229.0,5.0
1.6,201445,0.815,-1.8,2014,46,45,14.7,1028.0,3.2,5.0,1237.0,2.7,0.335,21,0.6,5621.0,27.6,WAS,10527.0,0.445,Jordan Clarkson,0.048,Missouri,10.5,382.0,25.0
1.6,201324,0.828,-0.7,2013,25,25,6.8,300.0,2.1,6.0,563.0,1.1,0.392,20,1.7,1856.0,19.3,LAC,5240.0,0.434,Reggie Bullock,0.08900000000000001,UNC,9.7,272.0,5.0
1.5,201151,0.5710000000000001,-0.6,2011,52,51,2.0,5.0,1.5,1.0,34.0,0.2,,31,0.0,46.0,5.9,DET,135.0,0.5429999999999999,Vernon Macklin,0.161,Florida,0.5,23.0,21.0
1.5,201450,,-4.1,2014,51,49,3.0,0.0,0.5,1.0,1.0,0.0,0.0,26,0.0,6.0,3.0,NYK,6.0,0.75,Thanasis Antetokounmpo,0.29100000000000004,,0.0,2.0,25.0
1.4,200947,0.5,-7.3,2009,48,46,1.3,1.0,0.3,1.0,2.0,0.1,0.0,32,0.0,10.0,4.0,PHO,32.0,0.4,Taylor Griffin,-0.039,Oklahoma,0.0,8.0,16.0
1.4,201245,0.83,-1.7,2012,46,46,6.0,346.0,1.7,5.0,423.0,1.4,0.382,25,0.4,1524.0,20.4,NOH,5161.0,0.418,Darius Miller,0.055,Kentucky,5.9,253.0,21.0
1.4,201619,0.7070000000000001,-0.6,2016,20,20,11.1,565.0,3.6,3.0,599.0,3.4,0.32899999999999996,8,1.5,1873.0,24.8,IND,4164.0,0.43700000000000006,Caris LeVert,0.066,Michigan,5.8,168.0,12.0
1.4,201251,0.6,-2.5,2012,52,51,0.9,8.0,1.0,2.0,38.0,0.2,,29,0.0,35.0,4.4,GSW,164.0,0.52,Ognjen Kuzmić,0.061,,0.2,37.0,23.0
1.2,201655,0.5,-5.3,2016,56,52,2.8,30.0,2.1,2.0,52.0,1.2,0.35700000000000004,35,-0.2,69.0,9.3,DEN,232.0,0.39399999999999996,Daniel Hamilton,0.0,UConn,0.0,25.0,21.0
1.2,201659,0.674,-3.8,2016,60,54,5.5,113.0,2.2,2.0,206.0,1.2,0.237,44,-0.7,509.0,16.1,UTA,1479.0,0.435,Tyrone Wallace,0.015,Cal,0.5,92.0,16.0
1.2,201348,,-8.1,2013,49,47,0.3,2.0,0.3,1.0,8.0,0.1,0.0,28,-0.1,6.0,2.6,CHI,62.0,0.231,Erik Murphy,-0.055,Florida,-0.1,24.0,21.0
1.2,201654,1.0,-6.9,2016,55,51,2.4,3.0,0.8,1.0,4.0,0.6,0.25,22,0.0,12.0,5.6,BRK,28.0,0.28600000000000003,Marcus Paige,-0.006,UNC,0.0,5.0,33.0
1.2,201457,0.784,-5.0,2014,58,52,4.9,74.0,1.2,3.0,101.0,0.9,0.35200000000000004,41,-0.7,420.0,10.6,SAS,912.0,0.42700000000000005,Jordan McRae,0.051,Tennessee,1.0,86.0,17.0
1.2,201147,,-10.4,2011,48,48,0.0,0.0,1.0,1.0,3.0,0.0,,31,0.0,0.0,3.0,ATL,9.0,0.0,Keith Benson,-0.005,Oakland,0.0,3.0,17.0
1.2,200835,0.551,-1.5,2008,36,36,5.3,280.0,7.1,8.0,3362.0,0.6,0.0,24,1.1,2479.0,19.6,POR,9216.0,0.528,Ömer Aşık,0.109,,20.9,471.0,12.0
1.2,201722,0.605,-0.3,2017,23,23,6.4,102.0,2.7,2.0,381.0,0.7,0.35100000000000003,11,1.2,907.0,20.1,TOR,2833.0,0.461,OG Anunoby,0.085,Indiana,5.0,141.0,12.0
1.2,201250,0.625,-10.5,2012,51,50,0.9,1.0,0.7,1.0,7.0,0.1,0.0,32,-0.1,9.0,5.4,BOS,54.0,0.14300000000000002,Kris Joseph,-0.127,Syracuse,-0.1,10.0,19.0
1.2,200854,0.691,-5.5,2008,55,48,5.7,106.0,1.7,1.0,87.0,2.1,0.325,43,-0.7,289.0,15.1,POR,771.0,0.41200000000000003,Mike Taylor,-0.027999999999999997,Iowa State,-0.4,51.0,12.0
1.1,201025,0.746,-1.2,2010,26,26,4.5,263.0,1.8,7.0,640.0,0.7,0.35600000000000004,21,1.1,1609.0,15.6,OKC,5530.0,0.423,Quincy Pondexter,0.084,Washington,9.7,355.0,5.0
1.1,201055,0.462,-4.9,2010,56,49,0.6,3.0,0.8,3.0,25.0,0.1,,31,-0.1,20.0,4.8,MIN,157.0,0.467,Hamady N'Diaye,0.013000000000000001,Rutgers University,0.0,33.0,25.0
1.1,200951,0.742,-2.4,2009,52,47,5.8,567.0,1.4,6.0,377.0,2.2,0.316,37,-0.4,1523.0,15.1,IND,3929.0,0.38,A.J. Price,0.057999999999999996,UConn,4.7,261.0,15.0
1.1,201448,0.846,-7.7,2014,49,48,1.2,7.0,1.0,2.0,36.0,0.2,0.2,29,-0.2,44.0,4.6,CHI,167.0,0.29600000000000004,Cameron Bairstow,-0.021,New Mexico,-0.1,36.0,20.0
1.1,201351,0.7070000000000001,-4.1,2013,52,49,2.8,183.0,1.5,5.0,151.0,1.8,0.17,43,-0.6,293.0,11.5,MIN,1185.0,0.364,Lorenzo Brown,-0.006999999999999999,NC State,-0.2,103.0,9.0
1.0,201130,0.846,-1.7,2011,31,31,13.3,558.0,3.4,5.0,1348.0,1.4,0.389,23,1.0,5295.0,27.8,MIA,11089.0,0.46299999999999997,Bojan Bogdanović,0.08,,18.4,399.0,8.0
1.0,201247,0.688,-2.8,2012,48,48,3.6,101.0,2.3,2.0,158.0,1.5,0.297,34,-0.2,249.0,15.8,NYK,1089.0,0.354,Kostas Papanikolaou,0.015,,0.3,69.0,14.0
1.0,201753,0.8,-3.3,2017,54,51,4.1,12.0,1.9,1.0,37.0,0.6,0.31,31,-0.1,82.0,11.3,PHO,225.0,0.37799999999999995,Alec Peters,0.055,Valparaiso,0.3,20.0,23.0
1.0,201446,0.769,-6.4,2014,47,46,2.0,19.0,0.6,2.0,15.0,0.7,0.188,28,-0.1,53.0,4.9,PHI,131.0,0.319,Russ Smith,-0.068,Louisville,-0.2,27.0,19.0
0.9,200847,0.514,-1.9,2008,48,46,2.4,29.0,1.2,2.0,77.0,0.5,0.16699999999999998,30,0.0,149.0,7.6,PHO,472.0,0.512,Malik Hairston,0.086,Oregon,0.8,62.0,18.0
0.9,201751,0.625,-3.6,2017,52,49,2.8,10.0,1.0,2.0,25.0,0.4,0.259,31,-0.1,68.0,8.8,NOP,212.0,0.354,Edmond Sumner,0.024,Xavier,0.1,24.0,21.0
0.9,201747,0.6890000000000001,-2.1,2017,48,47,2.5,86.0,1.3,2.0,184.0,0.6,0.342,23,0.0,344.0,10.7,MIL,1469.0,0.415,Sindarius Thornwell,0.034,South Carolina,1.0,137.0,25.0
0.9,201146,0.444,-0.2,2011,47,47,1.4,5.0,0.9,1.0,9.0,0.5,,31,0.0,14.0,4.5,LAC,45.0,0.35700000000000004,Travis Leslie,0.06,Georgia,0.1,10.0,16.0
0.9,201246,,-17.6,2012,47,47,0.9,2.0,0.2,1.0,4.0,0.1,0.2,34,-0.2,15.0,3.1,UTA,52.0,0.25,Kevin Murphy,-0.272,Tennessee Technological University,-0.3,17.0,13.0
0.9,201650,,-26.9,2016,51,48,0.0,0.0,0.7,1.0,2.0,0.0,0.0,27,-0.1,0.0,3.3,BOS,10.0,0.0,Ben Bentil,-0.473,Providence,-0.1,3.0,24.0
0.9,201857,0.5,-2.6,2018,58,51,1.6,5.0,0.4,1.0,4.0,0.5,0.429,17,0.0,18.0,3.3,DEN,36.0,0.5379999999999999,Thomas Welsh,0.162,UCLA,0.1,11.0,41.0
0.8,201523,0.8190000000000001,-1.3,2015,24,24,5.1,823.0,1.5,4.0,380.0,3.3,0.33299999999999996,19,0.8,1249.0,17.7,CLE,4374.0,0.419,Tyus Jones,0.092,Duke,8.4,247.0,5.0
0.8,201053,0.75,-4.5,2010,54,47,1.9,27.0,0.6,1.0,12.0,1.4,0.33299999999999996,31,-0.1,37.0,7.1,LAC,134.0,0.371,Willie Warren,0.065,Oklahoma,0.2,19.0,23.0
0.8,201646,0.7140000000000001,-1.7,2016,47,44,4.6,75.0,1.8,3.0,257.0,0.5,0.302,20,0.1,653.0,12.3,ORL,1736.0,0.457,Jake Layman,0.075,Maryland,2.7,141.0,27.0
0.8,201447,0.72,-5.5,2014,48,47,2.3,45.0,1.4,2.0,57.0,1.1,0.23600000000000002,35,-0.4,93.0,10.9,MIL,435.0,0.326,Lamar Patterson,0.006,Pitt,0.1,40.0,13.0
0.8,201746,0.833,-6.8,2017,47,46,0.9,1.0,0.9,2.0,12.0,0.1,,23,0.0,13.0,2.6,IND,36.0,0.33299999999999996,Ike Anigbogu,0.057,UCLA,0.0,14.0,24.0
0.7,201454,0.5479999999999999,-6.3,2014,55,50,2.9,130.0,1.4,1.0,87.0,2.0,0.19,46,-1.1,183.0,15.2,MIA,973.0,0.345,Semaj Christon,0.006,Xavier,0.1,64.0,9.0
0.7,200842,0.75,-9.3,2008,43,43,0.4,2.0,0.3,1.0,2.0,0.3,0.0,30,0.0,3.0,2.7,SAC,19.0,0.0,Patrick Ewing,-0.158,Georgetown,-0.1,7.0,13.0
0.7,200939,0.637,-1.6,2009,40,39,5.2,119.0,2.4,3.0,413.0,0.7,0.317,31,0.2,895.0,14.9,CHA,2554.0,0.515,Derrick Brown,0.085,Xavier,4.5,171.0,9.0
0.7,201148,0.72,-10.1,2011,49,49,2.2,34.0,0.5,2.0,20.0,0.9,0.14300000000000002,46,-0.6,83.0,7.8,MEM,296.0,0.33,Josh Selby,-0.113,Kansas,-0.7,38.0,3.0
0.6,200915,0.695,1.1,2009,16,16,7.9,1281.0,3.6,10.0,2166.0,2.1,0.305,15,9.7,4785.0,20.7,CHI,12462.0,0.47700000000000004,James Johnson,0.09,Wake Forest,23.5,602.0,1.0
0.6,201217,0.621,0.1,2012,18,18,10.4,238.0,5.7,6.0,1334.0,1.0,0.297,16,3.0,2431.0,23.8,HOU,5562.0,0.501,Terrence Jones,0.127,Kentucky,14.7,234.0,2.0
0.6,201657,0.667,-5.3,2016,58,53,3.6,46.0,1.7,2.0,187.0,0.4,0.33299999999999996,48,-1.0,387.0,11.2,BOS,1216.0,0.387,Abdel Nader,0.03,Iowa State,0.8,109.0,10.0
0.6,201043,0.852,0.0,2010,44,42,2.8,17.0,2.0,2.0,132.0,0.3,,24,0.2,180.0,7.6,MIL,491.0,0.528,Jerome Jordan,0.168,Tulsa,1.7,65.0,20.0
0.6,201347,0.797,-2.2,2013,48,46,6.0,215.0,3.1,4.0,504.0,1.3,0.316,33,-0.2,981.0,19.2,LAL,3125.0,0.37799999999999995,Ryan Kelly,0.046,Duke,3.0,163.0,15.0
0.6,201825,0.8059999999999999,-1.0,2018,26,25,9.1,117.0,1.7,1.0,134.0,1.5,0.42200000000000004,9,0.5,722.0,22.8,PHI,1802.0,0.431,Landry Shamet,0.095,Wichita State,3.6,79.0,17.0
0.5,201434,0.531,1.0,2014,35,35,2.4,7.0,1.4,3.0,40.0,0.3,,24,0.1,67.0,5.4,UTA,151.0,0.581,Jarnell Stokes,0.20199999999999999,Tennessee,0.6,28.0,11.0
0.5,201645,0.45,-5.6,2016,46,43,2.2,4.0,1.6,1.0,36.0,0.2,0.5,27,-0.1,48.0,7.4,DAL,163.0,0.405,A.J. Hammons,-0.001,Purdue,0.0,22.0,19.0
0.5,200837,0.736,-1.3,2008,38,38,5.0,119.0,2.2,3.0,158.0,1.6,0.353,27,0.3,363.0,18.9,CHA,1379.0,0.441,Kyle Weaver,0.051,Washington State,1.5,73.0,11.0
0.5,201644,0.667,-2.2,2016,45,42,1.8,17.0,0.7,3.0,19.0,0.7,0.28600000000000003,22,0.0,48.0,5.2,BOS,136.0,0.486,Demetrius Jackson,0.087,Notre Dame,0.2,26.0,23.0
0.5,201734,0.743,-1.0,2017,35,34,5.7,86.0,4.3,2.0,364.0,1.0,0.2,19,0.3,485.0,14.6,ORL,1237.0,0.555,Ivan Rabb,0.125,Cal,3.2,85.0,16.0
0.5,201052,1.0,-6.0,2010,53,46,2.3,2.0,1.0,1.0,3.0,0.7,0.0,26,0.0,7.0,7.0,ATL,21.0,0.33299999999999996,Pape Sy,-0.047,,0.0,3.0,27.0
0.5,201810,0.8,-0.3,2018,11,11,10.8,270.0,2.8,1.0,232.0,3.3,0.36700000000000005,5,0.9,889.0,26.5,CHO,2174.0,0.47600000000000003,Shai Gilgeous-Alexander,0.07400000000000001,Kentucky,3.3,82.0,6.0
0.5,201315,0.64,4.8,2013,16,16,3.2,72.0,2.8,4.0,388.0,0.5,0.265,14,3.0,446.0,12.4,BOS,1754.0,0.632,Lucas Nogueira,0.165,,6.0,141.0,2.0
0.5,201853,0.7140000000000001,-2.7,2018,54,49,4.4,18.0,1.8,1.0,35.0,0.9,0.318,17,0.0,87.0,13.4,DAL,268.0,0.391,Shake Milton,0.059000000000000004,SMU,0.3,20.0,37.0
0.4,201441,0.68,-7.3,2014,42,41,2.6,11.0,1.4,1.0,39.0,0.4,0.23800000000000002,32,-0.3,74.0,9.4,HOU,262.0,0.34700000000000003,Nick Johnson,-0.02,Arizona,-0.1,28.0,10.0
0.4,201745,0.758,-2.6,2017,46,45,5.3,109.0,2.9,2.0,327.0,1.0,0.35700000000000004,36,-0.3,589.0,16.2,PHI,1810.0,0.439,Sterling Brown,0.07400000000000001,SMU,2.8,112.0,10.0
0.4,201142,0.703,-2.0,2011,43,43,3.9,51.0,1.8,3.0,65.0,1.4,0.294,31,0.0,140.0,14.8,CHI,534.0,0.382,Malcolm Lee,0.04,UCLA,0.4,36.0,12.0
0.4,201443,0.7809999999999999,-2.8,2014,44,43,5.2,132.0,2.1,3.0,234.0,1.2,0.295,35,-0.4,584.0,15.9,MIN,1794.0,0.38,Markel Brown,0.028999999999999998,Oklahoma State,1.1,113.0,9.0
0.4,200937,0.618,-2.1,2009,38,37,2.1,49.0,3.1,3.0,472.0,0.3,0.0,32,0.0,320.0,10.5,POR,1570.0,0.488,Jon Brockman,0.113,Washington,3.7,150.0,6.0
0.4,201423,0.812,-1.5,2014,24,24,6.4,587.0,1.7,5.0,499.0,2.0,0.354,22,0.5,1855.0,16.1,CHH,4642.0,0.39299999999999996,Shabazz Napier,0.066,UConn,6.4,289.0,2.0
0.4,20165,0.8740000000000001,-0.4,2016,6,6,14.9,481.0,4.0,3.0,988.0,2.0,0.419,4,2.7,3640.0,26.8,NOP,6527.0,0.446,Buddy Hield,0.073,Oklahoma,10.0,244.0,2.0
0.4,201542,0.768,-5.3,2015,43,40,3.4,119.0,1.0,3.0,130.0,0.9,0.29600000000000004,39,-0.9,429.0,8.5,IND,1077.0,0.39299999999999996,Joe Young,0.016,Oregon,0.4,127.0,4.0
0.3,200851,0.644,-4.9,2008,52,47,2.2,26.0,1.5,3.0,203.0,0.2,0.235,43,-0.7,308.0,7.5,MIA,1039.0,0.449,Darnell Jackson,0.059000000000000004,Kansas,1.3,138.0,9.0
0.3,201841,0.75,-2.0,2018,42,41,4.3,91.0,2.5,1.0,185.0,1.2,0.258,17,0.0,319.0,19.6,DET,1449.0,0.39799999999999996,Bruce Brown,0.048,Miami (FL),1.5,74.0,25.0
0.3,201339,1.0,-8.4,2013,40,39,2.0,3.0,1.1,1.0,9.0,0.4,0.067,28,-0.1,16.0,6.4,POR,51.0,0.26899999999999996,Grant Jerrett,-0.128,Arizona,-0.1,8.0,12.0
0.3,201225,0.5429999999999999,-1.6,2012,26,26,4.9,178.0,4.5,7.0,1562.0,0.5,,24,0.5,1697.0,16.4,IND,5658.0,0.542,Miles Plumlee,0.09,Duke,10.6,346.0,2.0
0.3,200841,0.857,-4.9,2008,42,42,2.4,29.0,0.9,1.0,35.0,0.8,0.4,38,-0.2,90.0,8.2,SAC,303.0,0.365,Sean Singletary,0.006,Virginia,0.0,37.0,4.0
0.3,201743,0.736,-2.5,2017,44,43,8.2,166.0,3.0,2.0,346.0,1.4,0.361,36,-0.3,961.0,21.2,NYK,2478.0,0.42100000000000004,Damyean Dotson,0.040999999999999995,Oregon,2.1,117.0,8.0
0.3,201323,0.816,-1.8,2013,24,24,13.1,740.0,2.6,6.0,1033.0,1.8,0.34299999999999997,23,0.6,5267.0,26.1,NYK,10516.0,0.418,Tim Hardaway,0.069,Michigan,15.1,403.0,1.0
0.3,201040,0.518,-1.9,2010,41,40,2.9,16.0,1.9,2.0,72.0,0.4,,26,0.0,107.0,10.7,MIA,397.0,0.5820000000000001,Jarvis Varnado,0.08900000000000001,Mississippi State,0.7,37.0,15.0
0.2,200930,0.7759999999999999,-1.4,2009,31,31,2.9,99.0,2.7,6.0,632.0,0.4,0.4,28,0.4,690.0,9.8,SAC,2322.0,0.5529999999999999,Jeff Ayres,0.131,Arizona State,6.3,237.0,3.0
0.2,201611,0.823,-1.4,2016,12,12,11.4,387.0,3.8,3.0,745.0,2.0,0.38,10,0.8,2235.0,25.5,UTA,4997.0,0.42700000000000005,Taurean Waller-Prince,0.044000000000000004,Baylor,4.6,196.0,2.0
0.2,200814,0.757,0.1,2008,15,15,9.1,642.0,5.3,11.0,4045.0,0.8,0.21600000000000003,14,9.3,6943.0,23.0,PHO,17649.0,0.531,Robin Lopez,0.11699999999999999,Stanford,43.0,766.0,1.0
0.2,201642,0.667,-7.1,2016,43,41,1.3,2.0,1.2,2.0,22.0,0.1,0.105,35,-0.2,24.0,6.6,HOU,125.0,0.212,Zhou Qi,-0.09300000000000001,,-0.2,19.0,8.0
0.1,201145,0.875,-6.5,2011,46,46,4.0,24.0,0.7,3.0,34.0,0.5,0.345,44,-0.5,197.0,9.7,LAL,475.0,0.39299999999999996,Andrew Goudelock,0.003,College of Charleston,0.0,49.0,2.0
0.1,201528,0.5479999999999999,-2.3,2015,29,28,3.3,15.0,1.9,3.0,112.0,0.3,0.306,24,0.0,194.0,9.0,BRK,532.0,0.426,Chris McCullough,0.054000000000000006,Syracuse,0.6,59.0,5.0
0.1,201848,0.765,-9.2,2018,49,46,1.8,13.0,1.2,1.0,36.0,0.4,0.0,41,-0.3,51.0,5.0,SAS,145.0,0.32799999999999996,Chimezie Metu,-0.099,USC,-0.3,29.0,8.0
0.1,201036,,-14.1,2010,37,36,0.8,6.0,0.6,1.0,3.0,1.2,0.0,31,-0.1,4.0,7.8,MIL,39.0,0.154,Darington Hobson,-0.225,New Mexico,-0.2,5.0,6.0
0.1,200817,0.588,-0.1,2008,18,18,8.0,240.0,5.1,11.0,3219.0,0.4,0.07400000000000001,17,5.2,5073.0,17.4,WAS,11002.0,0.57,JaVale McGee,0.139,Nevada,31.9,633.0,1.0
0.1,201614,0.764,-1.3,2016,15,15,5.1,96.0,3.2,3.0,506.0,0.6,0.366,13,0.4,795.0,15.8,DEN,2477.0,0.43700000000000006,Juan Hernangómez,0.1,,5.1,157.0,2.0
0.0,20139,0.8390000000000001,0.3,2013,10,10,17.8,1196.0,3.1,6.0,1290.0,2.9,0.401,10,7.0,7328.0,30.0,POR,12323.0,0.455,CJ McCollum,0.109,Lehigh,27.9,411.0,0.0
0.0,201535,0.7240000000000001,-4.0,2015,36,35,2.1,4.0,1.9,2.0,57.0,0.1,,28,-0.1,63.0,7.5,MIN,225.0,0.467,Rakeem Christmas,0.105,Syracuse,0.5,30.0,8.0
0.0,20145,0.764,0.6,2014,6,6,9.3,1337.0,3.5,5.0,1205.0,3.9,0.31,4,6.4,3174.0,28.4,BOS,9688.0,0.37200000000000005,Marcus Smart,0.08,Oklahoma State,16.2,341.0,2.0
0.0,201411,0.835,-0.6,2014,12,12,12.7,511.0,6.2,3.0,1490.0,2.1,0.358,12,2.3,3039.0,26.9,ORL,6462.0,0.433,Dario Šarić,0.083,,11.2,240.0,0.0
0.0,20150,0.836,5.0,2015,1,1,22.3,839.0,11.9,4.0,3831.0,2.6,0.392,1,19.6,7187.0,34.4,MIN,11120.0,0.537,Karl-Anthony Towns,0.196,Kentucky,45.4,323.0,0.0
0.0,201413,0.7659999999999999,-1.3,2014,14,14,14.4,293.0,4.1,5.0,1078.0,1.1,0.34,17,1.3,3754.0,27.7,PHO,7234.0,0.49700000000000005,T.J. Warren,0.086,NC State,13.0,261.0,-3.0
0.0,201440,0.828,7.6,2014,41,40,16.3,1586.0,9.6,4.0,2946.0,5.1,0.345,1,21.2,5006.0,28.3,DEN,8718.0,0.523,Nikola Jokić,0.214,,38.9,308.0,40.0
0.0,201455,0.375,-5.0,2014,56,51,2.2,29.0,1.6,2.0,69.0,0.7,0.222,32,-0.3,97.0,10.4,DEN,457.0,0.304,Devyn Marble,-0.027999999999999997,Iowa,-0.3,44.0,24.0
0.0,201419,0.8390000000000001,-1.3,2014,20,20,4.9,59.0,2.8,5.0,194.0,0.9,0.344,23,0.2,335.0,14.7,TOR,1013.0,0.392,Bruno Caboclo,0.054000000000000006,,1.1,69.0,-3.0
0.0,20149,0.63,-0.3,2014,10,10,11.1,2243.0,4.4,5.0,1491.0,6.6,0.302,10,4.2,3798.0,29.5,PHI,10104.0,0.45399999999999996,Elfrid Payton,0.063,Louisiana,13.3,342.0,0.0
0.0,201439,0.726,-2.6,2014,40,39,4.4,122.0,2.1,5.0,461.0,0.6,0.361,39,-0.5,956.0,14.4,MIN,3144.0,0.439,Glenn Robinson,0.07200000000000001,Michigan,4.7,219.0,1.0
0.0,201438,0.654,-1.1,2014,39,38,8.8,396.0,3.9,5.0,1500.0,1.0,0.33399999999999996,16,2.0,3369.0,24.1,PHI,9233.0,0.461,Jerami Grant,0.095,Syracuse,18.2,383.0,23.0
0.0,201442,0.273,-0.6,2014,43,42,2.5,4.0,2.5,2.0,32.0,0.3,,26,0.0,33.0,7.8,ATL,101.0,0.625,Edy Tavares,0.11800000000000001,,0.2,13.0,17.0
0.0,201444,0.75,2.1,2014,45,44,7.5,305.0,4.5,5.0,1484.0,0.9,0.298,5,6.1,2491.0,17.8,CHH,5895.0,0.5529999999999999,Dwight Powell,0.182,Stanford,22.4,331.0,40.0
0.0,201430,0.875,-6.4,2014,31,31,1.8,10.0,1.6,1.0,31.0,0.5,0.231,29,-0.2,36.0,7.8,MIL,156.0,0.35100000000000003,Damien Inglis,-0.024,,-0.1,20.0,2.0
0.0,201520,0.778,-1.8,2015,21,21,5.3,143.0,2.6,4.0,554.0,0.7,0.302,21,0.1,1154.0,13.2,DAL,2857.0,0.419,Justin Anderson,0.079,Virginia,4.7,216.0,0.0
0.0,20142,0.7879999999999999,3.3,2014,3,3,24.3,499.0,11.4,3.0,1804.0,3.2,0.315,3,6.5,3833.0,30.7,PHI,4852.0,0.48100000000000004,Joel Embiid,0.166,Kansas,16.8,158.0,0.0
0.0,201515,0.777,-0.5,2015,16,16,7.7,631.0,3.6,4.0,973.0,2.3,0.354,12,2.0,2090.0,20.0,BOS,5433.0,0.38,Terry Rozier,0.08800000000000001,Louisville,9.9,272.0,4.0
0.0,201429,0.706,2.1,2014,30,30,5.3,572.0,3.9,5.0,1171.0,1.9,0.324,5,6.1,1601.0,19.6,SAS,5882.0,0.49200000000000005,Kyle Anderson,0.125,UCLA,15.4,300.0,25.0
0.0,201426,0.833,-0.9,2014,27,27,12.9,525.0,3.1,2.0,466.0,3.5,0.375,18,1.2,1907.0,27.9,PHO,4122.0,0.431,Bogdan Bogdanović,0.065,,5.6,148.0,9.0
0.0,201521,0.7509999999999999,-2.0,2015,22,22,10.2,282.0,6.2,4.0,1534.0,1.1,0.361,24,0.0,2547.0,20.3,CHI,5044.0,0.45799999999999996,Bobby Portis,0.085,Arkansas,9.0,249.0,-2.0
0.0,201513,0.775,-2.9,2015,14,14,6.0,382.0,1.8,4.0,274.0,2.5,0.331,36,-0.6,914.0,16.0,OKC,2454.0,0.397,Cameron Payne,0.044000000000000004,Murray State,2.2,153.0,-22.0
0.0,201522,0.7390000000000001,-1.0,2015,23,23,9.9,460.0,5.9,4.0,1375.0,2.0,0.223,15,1.4,2315.0,23.6,POR,5530.0,0.444,Rondae Hollis-Jefferson,0.079,Arizona,9.1,234.0,8.0
0.0,201432,0.797,-0.5,2014,33,33,9.4,391.0,2.8,5.0,742.0,1.5,0.42700000000000005,13,2.2,2454.0,22.6,CLE,5914.0,0.475,Joe Harris,0.085,Virginia,10.4,262.0,20.0
0.0,201433,0.75,-5.7,2014,34,34,4.3,42.0,2.2,2.0,123.0,0.8,0.263,43,-0.8,241.0,14.3,NYK,801.0,0.34600000000000003,Cleanthony Early,-0.039,Wichita State,-0.6,56.0,-9.0
0.0,201424,0.525,1.9,2014,25,25,12.0,276.0,9.2,5.0,2706.0,0.9,0.0,2,7.3,3532.0,25.1,HOU,7395.0,0.635,Clint Capela,0.204,,31.4,295.0,23.0
0.0,201524,0.7659999999999999,-3.8,2015,25,25,5.4,114.0,3.5,4.0,639.0,0.6,0.34600000000000003,40,-1.3,998.0,15.9,MEM,2927.0,0.434,Jarell Martin,0.053,LSU,3.2,184.0,-15.0
0.0,201526,0.698,2.2,2015,27,26,7.7,436.0,6.5,4.0,1685.0,1.7,0.295,3,6.3,1998.0,22.9,LAL,5924.0,0.539,Larry Nance,0.133,Wyoming,16.4,259.0,24.0
0.0,201527,0.818,-3.3,2015,28,27,3.0,19.0,1.0,4.0,46.0,0.4,0.295,28,-0.1,133.0,8.8,BOS,395.0,0.371,R.J. Hunter,0.051,Georgia State University,0.4,45.0,0.0
0.0,201529,0.593,2.3,2015,30,29,4.5,194.0,3.8,4.0,766.0,1.0,0.192,9,3.1,911.0,14.0,GSW,2859.0,0.595,Kevon Looney,0.172,UCLA,10.3,204.0,21.0
0.0,201435,0.6629999999999999,-6.4,2014,36,36,3.5,69.0,2.4,4.0,352.0,0.5,0.36,52,-1.9,509.0,11.5,MIL,1684.0,0.402,Johnny O'Bryant,0.006,LSU,0.2,147.0,-16.0
0.0,201437,0.8009999999999999,-0.6,2014,38,37,11.0,1146.0,2.6,5.0,654.0,4.5,0.32299999999999995,15,2.1,2785.0,24.4,DET,6168.0,0.408,Spencer Dinwiddie,0.105,Colorado,13.5,253.0,23.0
0.0,201537,0.747,-5.1,2015,38,37,3.2,71.0,0.9,3.0,85.0,0.8,0.304,38,-0.7,295.0,9.4,DET,859.0,0.377,Darrun Hilliard,0.016,Villanova,0.3,91.0,0.0
0.0,201530,0.736,-2.3,2015,31,30,9.0,236.0,3.5,2.0,477.0,1.7,0.35100000000000003,30,-0.2,1229.0,22.7,MIN,3116.0,0.43700000000000006,Cedi Osman,0.036000000000000004,,2.4,137.0,1.0
0.0,201531,0.629,2.5,2015,32,31,11.2,317.0,4.4,4.0,1125.0,1.2,0.156,4,5.6,2864.0,19.2,HOU,4894.0,0.629,Montrezl Harrell,0.188,Louisville,19.2,255.0,28.0
0.0,201532,0.605,-4.8,2015,33,32,2.4,17.0,2.0,3.0,128.0,0.3,0.11800000000000001,32,-0.3,152.0,7.5,BOS,482.0,0.449,Jordan Mickey,0.05,LSU,0.5,64.0,1.0
0.0,201512,0.8540000000000001,-1.1,2015,13,13,21.4,1154.0,3.5,4.0,945.0,4.2,0.354,12,2.0,5820.0,32.9,PHO,8945.0,0.43700000000000006,Devin Booker,0.053,Kentucky,9.8,272.0,1.0
0.0,201330,0.835,-1.0,2013,31,30,9.5,401.0,2.9,6.0,996.0,1.2,0.39299999999999996,18,2.0,3281.0,24.6,CLE,8472.0,0.429,Allen Crabbe,0.078,Cal,13.8,344.0,13.0
0.0,20154,0.8109999999999999,-3.0,2015,5,5,7.3,365.0,3.0,4.0,842.0,1.3,0.321,40,-1.3,2028.0,18.9,ORL,5236.0,0.41700000000000004,Mario Hezonja,0.022000000000000002,,2.4,277.0,-35.0
0.0,201827,0.0,-6.9,2018,28,27,1.3,23.0,0.8,1.0,25.0,0.8,0.267,41,-0.3,40.0,6.8,GSW,204.0,0.34,Jacob Evans,-0.03,Cincinnati,-0.1,30.0,-13.0
0.0,201824,0.8109999999999999,-5.1,2018,25,24,4.8,24.0,2.0,1.0,85.0,0.6,0.28600000000000003,41,-0.3,207.0,10.4,LAL,446.0,0.415,Moritz Wagner,0.02,Michigan,0.2,43.0,-16.0
0.0,201823,0.563,-6.3,2018,24,23,3.8,13.0,0.7,1.0,13.0,0.7,0.345,36,-0.2,75.0,7.1,POR,141.0,0.444,Anfernee Simons,0.02,,0.1,20.0,-12.0
0.0,201822,0.82,-2.6,2018,23,22,5.9,87.0,1.3,1.0,67.0,1.7,0.33899999999999997,25,-0.1,294.0,12.9,IND,646.0,0.401,Aaron Holiday,0.065,UCLA,0.9,50.0,-2.0
0.0,201821,0.605,-4.3,2018,22,21,5.2,34.0,4.2,1.0,185.0,0.8,0.28,49,-0.5,229.0,20.3,CHI,895.0,0.45899999999999996,Chandler Hutchison,0.03,Boise State,0.6,44.0,-27.0
0.0,201820,0.75,-6.8,2018,21,20,5.6,25.0,0.6,1.0,23.0,0.7,0.32299999999999995,49,-0.5,211.0,10.9,UTA,416.0,0.376,Grayson Allen,0.002,Duke,0.0,38.0,-28.0
0.0,201819,0.728,-1.7,2018,20,19,7.7,91.0,2.9,1.0,218.0,1.2,0.27899999999999997,14,0.1,570.0,23.7,MIN,1757.0,0.386,Josh Okogie,0.034,Georgia Tech,1.2,74.0,6.0
0.0,201818,0.732,-1.9,2018,19,18,9.7,214.0,3.3,1.0,245.0,2.9,0.385,14,0.1,727.0,27.3,ATL,2048.0,0.419,Kevin Huerter,0.034,Maryland,1.5,75.0,5.0
0.0,201816,0.75,-1.8,2018,17,16,4.9,31.0,2.4,1.0,65.0,1.1,0.265,17,0.0,131.0,15.2,MIL,411.0,0.40299999999999997,Donte DiVincenzo,0.069,Villanova,0.6,27.0,0.0
0.0,201815,0.75,-4.0,2018,16,15,6.7,10.0,2.2,1.0,13.0,1.7,0.375,25,-0.1,40.0,18.5,PHO,111.0,0.41200000000000003,Zhaire Smith,0.048,Texas Tech,0.1,6.0,-9.0
0.0,201811,0.753,-0.6,2018,12,12,7.5,95.0,4.0,1.0,323.0,1.2,0.325,7,0.6,597.0,21.2,LAC,1696.0,0.46399999999999997,Miles Bridges,0.083,Michigan State,2.9,80.0,5.0
0.0,20179,0.72,-1.3,2017,10,10,5.6,123.0,3.8,2.0,545.0,0.9,0.321,17,0.4,804.0,16.8,SAC,2401.0,0.441,Zach Collins,0.07200000000000001,Gonzaga,3.6,143.0,-7.0
0.0,201752,0.778,-2.2,2017,53,50,5.6,88.0,1.7,2.0,62.0,2.4,0.36200000000000004,23,0.0,208.0,14.1,BOS,523.0,0.436,Kadeem Allen,0.08,Arizona,0.9,37.0,30.0
0.0,201750,0.807,0.2,2017,51,48,10.1,304.0,2.3,2.0,196.0,3.6,0.41200000000000003,12,1.1,861.0,23.5,DEN,1995.0,0.494,Monte Morris,0.153,Iowa State,6.4,85.0,39.0
0.0,20175,0.8059999999999999,-0.3,2017,6,6,8.5,98.0,5.0,2.0,510.0,1.0,0.327,12,1.1,865.0,24.8,ORL,2532.0,0.419,Jonathan Isaac,0.08,Florida State,4.2,102.0,-6.0
0.0,201744,0.745,-3.5,2017,45,44,10.3,151.0,2.9,2.0,288.0,1.5,0.359,49,-1.0,1033.0,26.8,HOU,2680.0,0.435,Dillon Brooks,0.021,Oregon,1.2,100.0,-4.0
0.0,201742,0.7859999999999999,-0.6,2017,43,42,1.9,15.0,1.7,1.0,47.0,0.5,0.33299999999999996,20,0.1,53.0,7.9,HOU,221.0,0.488,Isaiah Hartenstein,0.10099999999999999,,0.5,28.0,23.0
0.0,201740,0.669,-4.1,2017,41,40,6.7,135.0,2.3,2.0,243.0,1.3,0.35,47,-0.9,701.0,16.1,ATL,1672.0,0.389,Tyler Dorsey,0.03,Oregon,1.0,104.0,-6.0
0.0,201739,0.7609999999999999,-4.6,2017,40,39,5.1,85.0,2.2,2.0,213.0,0.9,0.377,49,-1.0,491.0,15.3,NOP,1472.0,0.43200000000000005,Dwayne Bacon,0.034,Florida State,1.1,96.0,-9.0
0.0,201738,0.7759999999999999,-5.2,2017,39,38,4.2,110.0,1.7,2.0,96.0,2.0,0.263,45,-0.7,237.0,15.1,PHI,843.0,0.345,Jawun Evans,-0.022000000000000002,Oklahoma State,-0.4,56.0,-6.0
0.0,201826,0.6,4.4,2018,27,26,2.5,7.0,2.5,1.0,81.0,0.2,,9,0.5,81.0,8.8,BOS,283.0,0.706,Robert Williams,0.201,Texas A&M,1.2,32.0,18.0
0.0,201828,0.0,-10.4,2018,29,28,2.1,2.0,0.6,1.0,5.0,0.2,0.1,25,-0.1,19.0,4.3,BRK,39.0,0.409,Džanan Musa,-0.152,,-0.1,9.0,4.0
0.0,201543,0.779,-2.7,2015,44,41,7.0,399.0,2.0,3.0,287.0,2.8,0.294,34,-0.5,1012.0,20.6,PHO,2987.0,0.373,Andrew Harrison,0.051,Kentucky,3.2,145.0,10.0
0.0,201829,0.711,-1.0,2018,30,29,5.9,47.0,4.2,1.0,194.0,1.0,0.344,13,0.2,272.0,17.5,ATL,805.0,0.402,Omari Spellman,0.07,Villanova,1.2,46.0,17.0
0.0,20187,0.8390000000000001,-5.2,2018,8,8,16.7,243.0,2.9,1.0,236.0,3.0,0.402,52,-2.1,1371.0,31.8,CLE,2605.0,0.43,Collin Sexton,-0.011000000000000001,Alabama,-0.6,82.0,-44.0
0.0,201855,0.33299999999999996,-3.4,2018,56,50,3.9,5.0,3.4,1.0,48.0,0.4,0.0,25,-0.1,54.0,10.6,PHI,148.0,0.532,Ray Spalding,0.051,Louisville,0.2,14.0,31.0
0.0,201851,,-9.8,2018,52,48,1.5,0.0,1.0,1.0,2.0,0.0,0.25,17,0.0,3.0,8.0,UTA,16.0,0.25,Vince Edwards,-0.013999999999999999,Purdue,0.0,2.0,35.0
0.0,201849,0.5,-8.1,2018,50,47,0.9,1.0,1.4,1.0,19.0,0.1,0.5,25,-0.1,13.0,4.6,IND,64.0,0.25,Alize Johnson,0.027000000000000003,Missouri State,0.0,14.0,25.0
0.0,201847,0.643,-3.1,2018,48,45,5.0,17.0,2.8,1.0,83.0,0.6,0.25,25,-0.1,151.0,16.8,MIN,503.0,0.423,Keita Bates-Diop,0.032,Ohio State,0.3,30.0,23.0
0.0,201846,0.6,-5.7,2018,47,44,3.2,37.0,0.9,1.0,36.0,0.9,0.326,46,-0.4,133.0,10.5,LAL,440.0,0.32899999999999996,Sviatoslav Mykhailiuk,-0.012,Kansas,-0.1,42.0,1.0
0.0,201845,0.75,-2.6,2018,46,43,5.0,159.0,2.7,1.0,134.0,3.2,0.305,25,-0.1,250.0,19.7,HOU,984.0,0.391,De'Anthony Melton,0.002,USC,0.0,50.0,21.0
0.0,201844,0.61,-4.7,2018,45,42,3.7,17.0,1.9,1.0,97.0,0.3,0.16699999999999998,46,-0.4,190.0,10.3,BRK,526.0,0.455,Hamidou Diallo,0.069,Kentucky,0.8,51.0,-1.0
0.0,201840,0.6,-4.0,2018,41,40,1.4,3.0,1.4,1.0,23.0,0.2,0.0,17,0.0,24.0,4.1,ORL,69.0,0.474,Jarred Vanderbilt,0.037000000000000005,Kentucky,0.1,17.0,24.0
0.0,201839,0.7829999999999999,-2.4,2018,40,39,8.5,52.0,3.9,1.0,246.0,0.8,0.315,25,-0.1,534.0,20.5,BRK,1294.0,0.45,Rodions Kurucs,0.059000000000000004,,1.6,63.0,15.0
0.0,201838,0.6,-4.3,2018,39,38,0.9,15.0,1.1,1.0,25.0,0.7,0.0,25,-0.1,19.0,5.5,PHI,120.0,0.152,Isaac Bonga,-0.059000000000000004,,-0.1,22.0,14.0
0.0,201837,0.636,-5.2,2018,38,37,2.3,8.0,0.8,1.0,20.0,0.3,0.28600000000000003,36,-0.2,61.0,7.5,PHI,195.0,0.319,Khyri Thomas,0.005,Creighton,0.0,26.0,2.0
0.0,201836,0.429,-10.3,2018,37,36,2.7,5.0,0.7,1.0,11.0,0.3,0.23800000000000002,36,-0.2,40.0,7.4,SAC,111.0,0.32,Gary Trent,-0.092,Duke,-0.2,15.0,1.0
0.0,201835,0.6,5.7,2018,36,35,7.3,37.0,6.4,1.0,423.0,0.6,,2,2.7,485.0,20.6,NYK,1360.0,0.6940000000000001,Mitchell Robinson,0.217,,6.1,66.0,34.0
0.0,201834,0.25,-12.9,2018,35,34,1.5,1.0,0.5,1.0,5.0,0.1,0.0,25,-0.1,15.0,4.4,ORL,44.0,0.33299999999999996,Melvin Frazier,-0.133,Tulane,-0.1,10.0,10.0
0.0,201833,0.7609999999999999,-4.3,2018,34,33,4.7,121.0,1.4,1.0,63.0,2.6,0.281,46,-0.4,217.0,14.7,ATL,676.0,0.34299999999999997,Devonte' Graham,0.035,Kansas,0.5,46.0,-12.0
0.0,201832,0.725,-2.5,2018,33,32,9.3,230.0,2.3,1.0,169.0,3.2,0.348,36,-0.2,678.0,21.8,DAL,1591.0,0.467,Jalen Brunson,0.077,Villanova,2.6,73.0,-3.0
0.0,201831,0.813,-4.0,2018,32,31,4.4,69.0,1.7,1.0,66.0,1.8,0.33299999999999996,41,-0.3,172.0,14.8,MEM,577.0,0.303,Jevon Carter,-0.003,West Virginia,0.0,39.0,-9.0
0.0,201830,0.787,-5.9,2018,31,30,5.7,127.0,1.8,1.0,98.0,2.4,0.295,51,-0.9,304.0,18.1,PHO,958.0,0.39299999999999996,Élie Okobo,-0.027000000000000003,,-0.5,53.0,-20.0
0.0,201737,0.647,1.7,2017,38,37,3.9,178.0,3.1,2.0,391.0,1.4,0.0,7,1.5,485.0,12.8,CHI,1597.0,0.57,Jordan Bell,0.136,Oregon,4.5,125.0,31.0
0.0,201735,0.48100000000000004,1.2,2017,36,35,4.7,40.0,3.8,1.0,165.0,0.9,0.354,16,0.5,207.0,14.5,PHI,639.0,0.494,Jonah Bolden,0.106,,1.4,44.0,20.0
0.0,201733,0.773,-3.7,2017,34,33,6.8,231.0,1.9,2.0,173.0,2.6,0.3,43,-0.6,608.0,15.8,SAC,1419.0,0.392,Frank Mason,0.028999999999999998,Kansas,0.9,90.0,-9.0
0.0,201732,0.787,-3.0,2017,33,32,4.4,130.0,2.5,2.0,321.0,1.0,0.304,43,-0.6,568.0,17.3,ORL,2253.0,0.419,Wesley Iwundu,0.054000000000000006,Kansas State,2.5,130.0,-10.0
0.0,201633,0.8079999999999999,-4.7,2016,34,34,7.5,537.0,1.7,3.0,223.0,4.0,0.28,54,-1.9,998.0,20.9,PHO,2782.0,0.40299999999999997,Tyler Ulis,0.008,Kentucky,0.5,133.0,-20.0
0.0,201632,0.747,-2.6,2016,33,33,5.5,56.0,4.6,3.0,616.0,0.4,0.25,35,-0.2,728.0,12.6,LAC,1676.0,0.585,Cheick Diallo,0.142,Kansas,5.0,133.0,-2.0
0.0,201631,0.7609999999999999,-1.3,2016,32,32,6.9,118.0,4.6,3.0,644.0,0.8,0.0,13,0.4,970.0,14.7,LAL,2059.0,0.54,Ivica Zubac,0.124,,5.3,140.0,19.0
0.0,201630,0.635,-1.4,2016,31,31,4.2,47.0,3.2,3.0,346.0,0.4,0.0,16,0.2,454.0,12.1,BOS,1299.0,0.599,Deyonta Davis,0.131,Michigan State,3.6,107.0,15.0
0.0,201629,0.5770000000000001,-0.3,2016,30,30,3.6,30.0,2.3,3.0,112.0,0.6,,16,0.2,174.0,11.9,GSW,584.0,0.643,Damian Jones,0.129,Vanderbilt,1.6,49.0,14.0
0.0,201628,0.708,0.3,2016,29,29,6.6,279.0,4.2,2.0,501.0,2.3,0.316,9,1.2,784.0,17.4,SAS,2065.0,0.441,Dejounte Murray,0.07400000000000001,Washington,3.2,119.0,20.0
0.0,201627,0.746,-2.5,2016,28,28,7.6,110.0,4.3,3.0,493.0,1.0,0.375,40,-0.3,879.0,17.6,PHO,2028.0,0.48,Skal Labissière,0.07,Kentucky,3.0,115.0,-12.0
0.0,201625,0.792,-2.7,2016,26,26,4.9,56.0,1.9,2.0,118.0,0.9,0.32299999999999995,27,-0.1,302.0,12.2,PHI,759.0,0.38799999999999996,Furkan Korkmaz,0.07,,1.1,62.0,-1.0
0.0,201624,0.6,-2.5,2016,25,25,2.2,3.0,1.6,2.0,34.0,0.1,0.0,22,0.0,47.0,5.1,LAC,107.0,0.449,Brice Johnson,0.062,UNC,0.1,21.0,3.0
0.0,201623,0.82,-4.5,2016,24,24,5.7,155.0,1.9,3.0,318.0,0.9,0.32,53,-1.6,975.0,15.6,PHI,2666.0,0.387,Timothé Luwawu-Cabarrot,0.033,,1.8,171.0,-29.0
0.0,201622,0.708,-2.6,2016,23,23,6.4,58.0,4.2,2.0,380.0,0.6,,35,-0.2,578.0,14.2,BOS,1296.0,0.583,Ante Žižić,0.11,,3.0,91.0,-12.0
0.0,201620,0.605,-2.8,2016,21,21,6.3,279.0,3.3,3.0,489.0,1.9,0.281,43,-0.6,924.0,18.9,ATL,2757.0,0.445,DeAndre' Bembry,0.013999999999999999,Saint Joseph's,0.8,146.0,-22.0
0.0,201618,0.789,-1.7,2016,19,19,7.2,139.0,1.7,3.0,288.0,0.8,0.38799999999999996,16,0.2,1196.0,15.9,DEN,2627.0,0.461,Malik Beasley,0.092,Florida State,5.0,165.0,3.0
0.0,201617,0.774,-6.1,2016,18,18,4.3,43.0,2.5,3.0,188.0,0.6,0.353,45,-0.8,325.0,9.7,DET,734.0,0.377,Henry Ellenson,0.022000000000000002,Marquette,0.3,76.0,-27.0
0.0,201616,0.7759999999999999,-5.7,2016,17,17,3.1,78.0,1.2,3.0,69.0,1.4,0.25,42,-0.5,174.0,10.3,MEM,579.0,0.355,Wade Baldwin,-0.027999999999999997,Vanderbilt,-0.3,56.0,-25.0
0.0,201613,0.754,-1.2,2016,14,14,8.0,307.0,4.1,2.0,544.0,2.3,0.374,12,0.6,1074.0,22.9,CHI,3071.0,0.39899999999999997,Denzel Valentine,0.048,Michigan State,3.1,134.0,2.0
0.0,20160,0.583,4.3,2016,1,1,16.4,1271.0,8.5,2.0,1356.0,7.9,0.0,1,8.7,2616.0,34.0,PHI,5432.0,0.5539999999999999,Ben Simmons,0.154,LSU,17.5,160.0,0.0
0.0,20155,0.611,0.6,2015,6,6,10.1,483.0,6.4,4.0,1879.0,1.6,0.222,6,4.7,2971.0,24.0,SAC,7090.0,0.534,Willie Cauley-Stein,0.11800000000000001,Kentucky,17.4,295.0,0.0
0.0,201547,0.55,0.3,2015,48,43,1.8,8.0,1.1,1.0,34.0,0.3,,21,0.1,55.0,5.2,OKC,161.0,0.564,Dakari Johnson,0.17800000000000002,Kentucky,0.6,31.0,27.0
0.0,201636,1.0,-4.1,2016,37,36,3.0,4.0,2.3,2.0,14.0,0.7,,22,0.0,18.0,12.3,HOU,74.0,0.583,Chinanu Onuaku,0.043,Louisville,0.1,6.0,15.0
0.0,201637,0.7909999999999999,-2.3,2016,38,37,3.7,187.0,1.5,3.0,230.0,1.2,0.299,35,-0.2,585.0,15.5,MIL,2432.0,0.42,Patrick McCaw,0.055999999999999994,UNLV,2.8,157.0,3.0
0.0,201639,1.0,-24.1,2016,40,38,1.4,0.0,0.9,1.0,6.0,0.0,,27,-0.1,10.0,3.4,NOP,24.0,0.231,Diamond Stone,-0.21100000000000002,Maryland,-0.1,7.0,13.0
0.0,201721,0.732,1.6,2017,22,22,9.6,159.0,7.0,2.0,1060.0,1.0,0.183,2,3.2,1460.0,23.3,BRK,3537.0,0.59,Jarrett Allen,0.161,Texas,11.9,152.0,20.0
0.0,201730,0.74,-5.0,2017,31,30,8.1,69.0,2.2,1.0,134.0,1.1,0.314,47,-0.9,495.0,19.2,CHO,1169.0,0.434,Frank Jackson,0.018000000000000002,Duke,0.4,61.0,-16.0
0.0,20173,0.65,-4.6,2017,4,4,12.3,302.0,4.5,2.0,698.0,1.9,0.294,53,-2.5,1922.0,25.3,PHO,3947.0,0.415,Josh Jackson,-0.028999999999999998,Kansas,-2.4,156.0,-49.0
0.0,201729,0.695,-0.4,2017,30,29,7.9,173.0,3.9,2.0,511.0,1.3,0.361,9,1.3,1021.0,24.4,UTA,3176.0,0.435,Josh Hart,0.083,Villanova,5.5,130.0,21.0
0.0,201728,0.762,0.9,2017,29,28,8.5,272.0,3.3,2.0,273.0,3.2,0.361,8,1.4,717.0,22.2,SAS,1867.0,0.479,Derrick White,0.106,Colorado,4.1,84.0,21.0
0.0,201727,0.75,-4.7,2017,28,27,2.1,2.0,2.2,2.0,26.0,0.2,0.0,23,0.0,25.0,5.4,LAL,65.0,0.40700000000000003,Tony Bradley,0.087,UNC,0.1,12.0,5.0
0.0,201726,0.731,-1.5,2017,27,26,17.3,319.0,5.9,2.0,865.0,2.2,0.335,15,0.6,2550.0,32.1,BRK,4715.0,0.45299999999999996,Kyle Kuzma,0.071,Utah,7.0,147.0,12.0
0.0,201725,0.667,-6.6,2017,26,25,2.2,25.0,2.5,2.0,118.0,0.5,0.133,41,-0.4,104.0,7.6,POR,367.0,0.37200000000000005,Caleb Swanigan,-0.031,Purdue,-0.2,48.0,-15.0
0.0,201723,0.33299999999999996,-2.6,2017,24,24,0.9,6.0,0.7,2.0,18.0,0.2,0.4,23,0.0,23.0,3.7,UTA,96.0,0.5,Tyler Lydon,0.084,Syracuse,0.2,26.0,1.0
0.0,201720,0.754,-2.1,2017,21,21,5.2,91.0,1.4,2.0,188.0,0.7,0.35600000000000004,31,-0.1,702.0,20.0,OKC,2694.0,0.425,Terrance Ferguson,0.07200000000000001,,4.0,135.0,-10.0
0.0,201640,0.6,-7.3,2016,41,39,1.2,4.0,1.8,1.0,35.0,0.2,,27,-0.1,23.0,5.7,ORL,108.0,0.32299999999999995,Stephen Zimmerman,-0.005,UNLV,0.0,19.0,14.0
0.0,20172,0.84,0.1,2017,3,3,14.8,296.0,5.5,2.0,879.0,1.9,0.4,5,2.6,2355.0,30.8,BOS,4893.0,0.461,Jayson Tatum,0.11800000000000001,Duke,12.0,159.0,-2.0
0.0,201717,0.617,-2.8,2017,18,18,3.4,33.0,1.9,2.0,207.0,0.3,0.35600000000000004,34,-0.2,381.0,8.8,IND,981.0,0.511,T.J. Leaf,0.11699999999999999,UCLA,2.4,111.0,-16.0
0.0,201712,0.805,0.8,2017,13,13,22.1,613.0,3.9,2.0,612.0,3.9,0.35100000000000003,1,3.7,3445.0,33.6,DEN,5236.0,0.434,Donovan Mitchell,0.094,Louisville,10.2,156.0,12.0
0.0,20166,0.879,-0.7,2016,7,7,14.8,807.0,3.5,3.0,828.0,3.4,0.36200000000000004,7,2.2,3530.0,28.5,DEN,6776.0,0.434,Jamal Murray,0.085,Kentucky,12.0,238.0,0.0
0.0,201653,0.754,-7.7,2016,54,50,3.8,78.0,1.0,2.0,59.0,1.3,0.268,45,-0.8,223.0,9.1,ATL,526.0,0.364,Kay Felder,-0.040999999999999995,Oakland,-0.4,58.0,9.0
0.0,201651,0.5,-3.7,2016,52,49,1.7,2.0,1.5,2.0,27.0,0.1,0.2,22,0.0,31.0,5.1,UTA,91.0,0.545,Joel Bolomboy,0.132,Weber State,0.3,18.0,30.0
0.0,201649,0.821,-2.8,2016,50,47,2.9,43.0,1.2,3.0,113.0,0.5,0.364,27,-0.1,265.0,7.0,IND,641.0,0.434,Georges Niang,0.073,Iowa State,1.0,91.0,23.0
0.0,201648,1.0,-10.5,2016,49,46,0.4,2.0,0.3,1.0,3.0,0.2,0.0,27,-0.1,4.0,3.6,DET,32.0,0.1,Michael Gbinije,-0.136,Syracuse,-0.1,9.0,22.0
0.0,201354,0.7190000000000001,-2.6,2013,55,50,5.6,180.0,3.8,4.0,789.0,0.9,0.285,39,-0.4,1159.0,13.6,MEM,2823.0,0.479,Joffrey Lauvergne,0.08900000000000001,,5.2,208.0,16.0
0.0,20189,0.805,-0.2,2018,10,10,8.3,173.0,3.2,1.0,264.0,2.1,0.335,4,1.1,684.0,29.5,PHI,2417.0,0.43,Mikal Bridges,0.057999999999999996,Villanova,2.9,82.0,6.0
0.0,200913,0.664,-3.6,2009,14,14,4.4,134.0,3.0,6.0,778.0,0.5,0.32799999999999996,47,-1.5,1138.0,13.9,PHO,3630.0,0.40299999999999997,Earl Clark,0.038,Louisville,2.9,261.0,-33.0
0.0,201028,0.597,-1.7,2010,29,29,2.8,24.0,2.5,3.0,126.0,0.5,0.0,26,0.0,143.0,10.6,ORL,542.0,0.485,Daniel Orton,0.09300000000000001,Kentucky,1.0,51.0,3.0
0.0,200912,0.738,-2.5,2009,13,13,6.7,181.0,4.2,7.0,1808.0,0.4,0.136,45,-1.0,2881.0,16.9,IND,7233.0,0.439,Tyler Hansbrough,0.134,UNC,20.2,428.0,-32.0
0.0,201213,0.5720000000000001,0.5,2012,14,14,7.8,442.0,5.4,7.0,2206.0,1.1,0.273,10,5.1,3162.0,20.1,MIL,8152.0,0.539,John Henson,0.114,UNC,19.3,405.0,4.0
0.0,201033,0.679,-6.2,2010,34,34,3.3,56.0,1.0,2.0,49.0,1.2,0.4,42,-0.4,157.0,8.5,POR,401.0,0.45799999999999996,Armon Johnson,-0.015,Nevada,-0.1,47.0,-8.0
0.0,201032,0.593,0.4,2010,33,33,13.4,203.0,11.4,7.0,3909.0,0.6,0.222,12,5.5,4583.0,26.0,SAC,8929.0,0.574,Hassan Whiteside,0.198,Marshall,36.8,343.0,21.0
0.0,201221,0.25,-5.8,2012,22,22,1.2,0.0,0.5,1.0,3.0,0.0,,29,0.0,7.0,6.0,BOS,36.0,0.5,Fab Melo,0.021,Syracuse,0.0,6.0,-7.0
0.0,200932,0.649,-1.0,2009,33,33,5.8,506.0,3.7,10.0,2676.0,0.7,0.345,20,3.7,4133.0,20.8,POR,14875.0,0.469,Dante Cunningham,0.08,Villanova,24.9,715.0,13.0
0.0,201031,0.545,-6.0,2010,32,32,2.3,9.0,1.8,4.0,89.0,0.2,,42,-0.4,116.0,6.9,MIA,347.0,0.45,Dexter Pittman,0.068,Texas,0.5,50.0,-10.0
0.0,201226,0.667,-3.0,2012,27,27,3.6,12.0,3.1,2.0,180.0,0.2,,34,-0.2,210.0,12.4,MIA,729.0,0.547,Arnett Moultrie,0.113,Mississippi State,1.7,59.0,-7.0
0.0,201227,0.66,-4.6,2012,28,28,3.4,54.0,1.8,3.0,252.0,0.4,0.293,47,-1.1,488.0,11.7,OKC,1675.0,0.42,Perry Jones,0.048,Baylor,1.7,143.0,-19.0
0.0,201030,1.0,-8.1,2010,31,31,2.0,2.0,1.3,1.0,15.0,0.2,0.0,31,-0.1,24.0,6.8,NJN,82.0,0.44,Tibor Pleiß,-0.040999999999999995,,-0.1,12.0,0.0
0.0,201229,0.557,-1.1,2012,30,30,4.2,63.0,4.3,3.0,725.0,0.4,,23,0.6,712.0,14.1,GSW,2394.0,0.513,Festus Ezeli,0.11900000000000001,Vanderbilt,5.9,170.0,7.0
0.0,200846,0.76,-1.3,2008,47,45,6.0,153.0,2.2,5.0,401.0,0.8,0.369,26,0.5,1079.0,16.7,WAS,3016.0,0.446,Henry Walker,0.079,Kansas State,5.0,181.0,21.0
0.0,201230,0.665,-3.9,2012,31,31,6.1,107.0,2.0,3.0,263.0,0.8,0.319,48,-1.2,807.0,19.4,CHA,2566.0,0.409,Jeffery Taylor,0.024,Vanderbilt,1.3,132.0,-17.0
0.0,201232,0.68,-1.1,2012,33,33,2.2,13.0,2.3,3.0,212.0,0.1,0.0,26,0.2,203.0,8.3,CLE,761.0,0.49700000000000005,Bernard James,0.11699999999999999,Florida State,1.9,92.0,7.0
0.0,201234,0.706,3.7,2012,35,35,9.1,2589.0,6.9,7.0,3700.0,4.9,0.32299999999999995,3,21.5,4825.0,28.1,GSW,14979.0,0.439,Draymond Green,0.139,Michigan State,43.3,533.0,32.0
0.0,201235,0.727,-3.8,2012,36,36,3.2,69.0,1.7,3.0,180.0,0.7,0.311,40,-0.5,329.0,10.8,SAC,1112.0,0.358,Orlando Johnson,0.059000000000000004,"University of California, Santa Barbara",1.4,103.0,-4.0
0.0,200844,0.762,1.1,2008,45,44,13.7,3648.0,3.1,11.0,2315.0,4.8,0.363,7,16.7,10421.0,28.0,SAS,21236.0,0.466,Goran Dragić,0.115,,51.0,758.0,38.0
0.0,201236,0.759,-1.8,2012,37,37,4.9,217.0,3.5,7.0,1179.0,0.6,0.35,26,0.2,1642.0,16.0,TOR,5392.0,0.444,Quincy Acy,0.078,Baylor,8.7,337.0,11.0
0.0,200934,0.642,-6.4,2009,35,34,3.3,29.0,1.0,4.0,82.0,0.3,0.36700000000000005,42,-0.9,278.0,9.9,DET,820.0,0.384,DaJuan Summers,-0.008,Georgetown,-0.1,83.0,-7.0
0.0,201238,0.87,0.2,2012,39,39,15.7,1468.0,4.4,7.0,2022.0,3.2,0.38799999999999996,7,8.0,7129.0,31.7,DET,14429.0,0.451,Khris Middleton,0.10300000000000001,Texas A&M,31.0,455.0,32.0
0.0,200840,0.684,-4.0,2008,41,41,2.8,24.0,2.4,2.0,106.0,0.5,0.0,38,-0.2,126.0,9.6,IND,431.0,0.435,Nathan Jawai,0.02,,0.2,45.0,3.0
0.0,201029,0.767,-4.6,2010,30,30,2.9,35.0,1.3,3.0,90.0,0.5,0.26899999999999996,42,-0.4,207.0,8.2,WAS,591.0,0.34700000000000003,Lazar Hayward,0.02,Marquette,0.2,72.0,-12.0
0.0,201240,0.684,-8.8,2012,41,41,2.9,57.0,0.5,2.0,33.0,0.9,0.36,43,-0.8,174.0,8.0,POR,491.0,0.354,Tyshawn Taylor,-0.08800000000000001,Kansas,-0.9,61.0,-2.0
0.0,201242,0.755,-2.4,2012,43,43,7.1,403.0,3.1,7.0,1359.0,0.9,0.364,43,-0.8,3115.0,16.3,ATL,7123.0,0.46399999999999997,Mike Scott,0.08900000000000001,Virginia,13.3,436.0,0.0
0.0,200839,0.831,-2.9,2008,40,40,7.1,254.0,2.1,6.0,472.0,1.1,0.32899999999999996,47,-1.0,1571.0,19.7,NJN,4381.0,0.439,Chris Douglas-Roberts,0.059000000000000004,Memphis,5.4,222.0,-7.0
0.0,201034,0.755,0.6,2010,35,35,7.1,395.0,4.4,4.0,1172.0,1.5,0.381,13,3.6,1906.0,20.2,WAS,5424.0,0.46,Nemanja Bjelica,0.095,,10.7,269.0,22.0
0.0,200957,0.8059999999999999,-2.7,2009,58,50,4.7,71.0,1.4,4.0,77.0,1.2,0.27699999999999997,35,-0.1,268.0,10.4,BOS,594.0,0.375,Lester Hudson,0.016,University of Tennessee at Martin,0.2,57.0,23.0
0.0,201037,0.5,-16.0,2010,38,37,1.6,3.0,0.2,1.0,1.0,0.6,0.25,31,-0.1,8.0,4.8,NYK,24.0,0.429,Andy Rautins,-0.314,Syracuse,-0.2,5.0,7.0
0.0,201134,0.7140000000000001,-6.4,2011,35,35,1.2,9.0,1.0,2.0,24.0,0.4,0.2,37,-0.1,28.0,5.0,SAC,120.0,0.314,Tyler Honeycutt,-0.049,UCLA,-0.1,24.0,-2.0
0.0,200812,0.706,-1.7,2008,13,13,6.8,468.0,2.9,9.0,1413.0,1.0,0.402,25,0.7,3250.0,22.0,POR,10564.0,0.426,Brandon Rush,0.051,Kansas,11.2,481.0,-12.0
0.0,201349,0.7929999999999999,-0.6,2013,50,48,6.5,245.0,3.2,5.0,883.0,0.9,0.35700000000000004,18,2.0,1801.0,20.6,ATL,5715.0,0.457,James Ennis,0.098,Cal State Long Beach,11.7,278.0,32.0
0.0,201051,0.737,-3.3,2010,52,45,3.6,36.0,2.8,2.0,196.0,0.5,0.24100000000000002,40,-0.3,253.0,12.4,BOS,871.0,0.376,Luke Harangody,0.048,Notre Dame,0.9,70.0,12.0
0.0,201124,0.7509999999999999,-2.5,2011,25,25,8.0,282.0,2.1,5.0,424.0,1.4,0.345,43,-0.4,1592.0,17.3,BOS,3456.0,0.447,MarShon Brooks,0.046,Providence,3.3,200.0,-18.0
0.0,201126,0.667,-6.3,2011,27,27,3.2,6.0,1.6,1.0,58.0,0.2,,42,-0.3,114.0,8.3,NJN,298.0,0.446,JaJuan Johnson,0.032,Purdue,0.2,36.0,-15.0
0.0,200929,0.611,-4.0,2009,30,30,6.3,40.0,2.7,2.0,137.0,0.8,0.27699999999999997,39,-0.5,320.0,20.6,CLE,1049.0,0.41100000000000003,Christian Eyenga,-0.02,,-0.4,51.0,-9.0
0.0,201128,0.7609999999999999,-0.6,2011,29,29,6.9,1485.0,2.6,8.0,1363.0,2.8,0.327,18,3.9,3665.0,21.5,SAS,11356.0,0.444,Cory Joseph,0.092,Texas,21.8,528.0,11.0
0.0,201049,0.7,-5.4,2010,50,44,1.5,5.0,2.3,2.0,61.0,0.2,,36,-0.2,39.0,7.0,DAL,181.0,0.314,Solomon Alabi,0.01,Florida State,0.0,26.0,14.0
0.0,201131,0.33299999999999996,-8.4,2011,32,32,2.0,4.0,0.8,3.0,18.0,0.2,0.276,38,-0.2,45.0,6.8,CLE,150.0,0.34,Justin Harper,-0.09300000000000001,University of Richmond,-0.3,22.0,-6.0
0.0,201132,0.7859999999999999,-1.6,2011,33,33,6.5,272.0,2.9,6.0,1026.0,0.8,0.36200000000000004,26,0.7,2326.0,21.9,DET,7794.0,0.418,Kyle Singler,0.062,Duke,10.0,356.0,7.0
0.0,201133,0.731,-2.7,2011,34,34,6.6,1421.0,2.0,8.0,894.0,3.1,0.33,51,-1.5,2997.0,18.4,WAS,8392.0,0.423,Shelvin Mack,0.059000000000000004,Butler,10.3,456.0,-17.0
0.0,201135,0.652,-3.1,2011,36,36,4.6,11.0,3.6,1.0,156.0,0.3,,38,-0.2,197.0,14.8,NJN,635.0,0.507,Jordan Williams,0.10099999999999999,Maryland,1.3,43.0,-2.0
0.0,200918,0.8420000000000001,0.0,2009,19,19,12.7,4145.0,2.5,10.0,1759.0,5.8,0.35600000000000004,12,10.0,9049.0,27.7,ATL,19750.0,0.445,Jeff Teague,0.11699999999999999,Wake Forest,48.3,712.0,7.0
0.0,200928,0.8240000000000001,-0.6,2009,29,29,7.6,889.0,2.2,8.0,875.0,2.3,0.354,23,2.6,3009.0,19.1,LAL,7511.0,0.40399999999999997,Toney Douglas,0.077,Florida State,12.1,394.0,6.0
0.0,201138,0.557,-6.6,2011,39,39,3.6,25.0,2.6,3.0,269.0,0.2,0.0,48,-1.2,373.0,9.9,CHA,1034.0,0.45,Jeremy Tyler,0.013999999999999999,,0.3,104.0,-9.0
0.0,201139,0.767,-1.4,2011,40,40,6.4,301.0,3.8,8.0,1426.0,0.8,0.32799999999999996,24,0.9,2395.0,15.8,MIL,5945.0,0.484,Jon Leuer,0.107,Wisconsin,13.2,377.0,16.0
0.0,201140,0.63,-5.6,2011,41,41,3.3,189.0,1.0,4.0,126.0,1.4,0.322,49,-1.3,430.0,11.1,LAL,1464.0,0.384,Darius Morris,-0.01,Michigan,-0.3,132.0,-8.0
0.0,201144,0.629,-0.7,2011,45,45,3.5,26.0,3.0,3.0,227.0,0.3,0.34700000000000003,28,0.3,265.0,11.8,NOH,888.0,0.43799999999999994,Josh Harrellson,0.11599999999999999,Kentucky,2.1,75.0,17.0
0.0,201149,0.682,-1.2,2011,50,50,4.8,384.0,4.8,6.0,1843.0,1.0,0.133,22,1.3,1847.0,17.8,PHI,6905.0,0.47100000000000003,Lavoy Allen,0.096,Temple,13.8,388.0,28.0
0.0,200924,0.81,-0.1,2009,25,25,7.1,374.0,1.9,4.0,338.0,2.1,0.325,25,1.4,1286.0,15.9,OKC,2896.0,0.439,Rodrigue Beaubois,0.079,,4.8,182.0,0.0
0.0,201045,,-4.9,2010,46,43,0.0,0.0,0.0,1.0,0.0,0.0,,26,0.0,0.0,2.0,PHO,2.0,,Gani Lawal,-0.009000000000000001,Georgia Tech,0.0,1.0,20.0
0.0,201042,0.722,-4.7,2010,43,41,3.6,24.0,1.9,3.0,122.0,0.4,0.222,46,-0.5,224.0,11.3,LAL,711.0,0.385,Devin Ebanks,0.035,West Virginia,0.5,63.0,-3.0
0.0,201039,0.685,-0.8,2010,40,39,8.6,1456.0,4.2,9.0,2124.0,2.9,0.315,13,3.6,4354.0,23.4,IND,11866.0,0.444,Lance Stephenson,0.068,Cincinnati,16.7,508.0,27.0
0.0,201038,0.6659999999999999,-0.1,2010,39,38,6.8,419.0,4.3,5.0,1092.0,1.6,0.332,18,2.8,1731.0,23.6,NYK,6010.0,0.473,Landry Fields,0.084,Stanford,10.5,255.0,21.0
0.0,200838,0.7020000000000001,-4.2,2008,39,39,6.5,257.0,2.2,4.0,402.0,1.4,0.28300000000000003,48,-1.9,1189.0,18.2,CHI,3335.0,0.465,Sonny Weems,0.001,Arkansas,0.0,183.0,-9.0
0.0,201116,0.7659999999999999,-0.5,2011,17,17,7.3,833.0,3.4,8.0,1499.0,1.9,0.34,17,4.2,3264.0,25.2,NYK,11218.0,0.39299999999999996,Iman Shumpert,0.055,Georgia Tech,12.9,446.0,0.0
0.0,201243,0.7240000000000001,-4.2,2012,44,44,2.9,26.0,0.9,1.0,37.0,0.6,0.28,34,-0.2,119.0,9.9,DET,407.0,0.375,Kim English,0.021,Missouri,0.2,41.0,10.0
0.0,200830,0.76,-0.8,2008,31,31,12.6,199.0,6.7,6.0,1807.0,0.7,,22,2.0,3405.0,24.9,MIN,6744.0,0.518,Nikola Peković,0.134,,18.8,271.0,9.0
0.0,201342,0.769,-7.8,2013,43,42,3.9,21.0,1.4,2.0,38.0,0.8,0.371,39,-0.4,109.0,9.9,MIL,277.0,0.336,Ricky Ledo,-0.096,Providence,-0.6,28.0,4.0
0.0,201326,0.631,5.1,2013,27,27,11.1,545.0,10.5,6.0,4275.0,1.3,0.0,2,21.0,4524.0,28.7,DEN,11661.0,0.629,Rudy Gobert,0.218,,52.8,406.0,25.0
0.0,201337,0.635,-4.0,2013,38,37,5.5,209.0,2.2,3.0,185.0,2.5,0.261,46,-0.8,461.0,18.8,WAS,1575.0,0.423,Nate Wolters,0.027999999999999997,South Dakota State University,0.9,84.0,-8.0
0.0,200943,0.797,-1.4,2009,44,43,7.9,473.0,3.0,7.0,1240.0,1.2,0.35200000000000004,26,1.2,3198.0,19.7,DET,7998.0,0.43,Chase Budinger,0.083,Arizona,13.9,407.0,18.0
0.0,201341,0.857,-4.4,2013,42,41,4.4,19.0,1.1,1.0,9.0,2.4,0.273,28,-0.1,35.0,10.5,PHI,84.0,0.33299999999999996,Pierre Jackson,0.021,Baylor,0.0,8.0,14.0
0.0,201329,0.875,-10.6,2013,30,29,1.1,13.0,0.6,1.0,15.0,0.5,0.16699999999999998,35,-0.3,26.0,5.9,PHO,142.0,0.205,Nemanja Nedović,-0.132,,-0.4,24.0,-5.0
0.0,200831,0.0,-16.5,2008,32,32,1.0,0.0,0.4,1.0,3.0,0.0,0.0,36,-0.1,8.0,2.5,SEA,20.0,0.364,Walter Sharpe,-0.131,University of Alabama at Birmingham,-0.1,8.0,-4.0
0.0,201340,1.0,-5.4,2013,41,40,1.8,9.0,1.0,2.0,25.0,0.4,0.462,28,-0.1,42.0,7.3,MEM,174.0,0.415,Jamaal Franklin,-0.006,San Diego State,0.0,24.0,13.0
0.0,200940,0.879,-0.6,2009,41,40,9.3,583.0,2.1,10.0,1120.0,1.1,0.373,18,4.2,4988.0,22.5,MIL,12110.0,0.42,Jodie Meeks,0.096,Kentucky,24.3,539.0,23.0
0.0,200832,0.375,-1.3,2008,33,33,2.6,55.0,3.9,4.0,513.0,0.4,0.0,27,0.3,344.0,11.4,POR,1488.0,0.534,Joey Dorsey,0.092,Memphis,2.9,130.0,6.0
0.0,201331,0.88,-2.6,2013,32,31,5.3,88.0,1.4,3.0,248.0,0.5,0.368,39,-0.4,924.0,16.0,OKC,2777.0,0.387,Álex Abrines,0.086,,5.0,174.0,-7.0
0.0,200938,0.77,-0.8,2009,39,38,6.2,525.0,4.0,9.0,2522.0,0.8,0.363,22,3.3,3919.0,17.8,DET,11323.0,0.457,Jonas Jerebko,0.109,,25.8,635.0,17.0
0.0,201332,0.75,-4.7,2013,33,32,2.7,4.0,0.9,1.0,6.0,0.6,0.4,26,0.0,19.0,5.4,CLE,38.0,0.5,Carrick Felix,0.057,Arizona State,0.0,7.0,7.0
0.0,201244,0.7979999999999999,-0.3,2012,45,45,6.1,91.0,3.6,3.0,403.0,0.8,0.309,21,0.8,687.0,17.4,PHI,1961.0,0.46399999999999997,Justin Hamilton,0.091,LSU,3.7,113.0,24.0
0.0,201334,0.6920000000000001,-7.3,2013,35,34,2.7,9.0,1.5,2.0,24.0,0.6,0.25,33,-0.2,43.0,9.5,PHI,152.0,0.26899999999999996,Glen Rice,-0.065,Georgia Tech,-0.2,16.0,2.0
0.0,201013,0.7490000000000001,0.3,2010,14,14,6.9,666.0,4.1,9.0,2573.0,1.1,0.36700000000000005,10,7.7,4293.0,21.8,HOU,13565.0,0.45,Patrick Patterson,0.102,Kentucky,28.7,622.0,4.0
0.0,201336,0.579,1.3,2013,37,36,1.0,2.0,1.2,1.0,26.0,0.1,1.0,25,0.1,22.0,3.8,DET,79.0,0.41700000000000004,Tony Mitchell,0.151,University of North Texas,0.2,21.0,12.0
0.0,201338,0.716,0.6,2013,39,38,3.2,64.0,2.5,5.0,518.0,0.3,0.14300000000000002,21,1.4,666.0,10.1,POR,2072.0,0.525,Jeff Withey,0.157,Kansas,6.8,206.0,18.0
0.0,201021,0.669,-5.3,2010,22,22,4.9,94.0,1.5,4.0,161.0,0.9,0.31,49,-1.2,537.0,13.5,POR,1470.0,0.42100000000000004,Elliot Williams,0.024,Memphis,0.7,109.0,-27.0
0.0,200936,0.608,0.4,2009,37,36,6.8,349.0,5.1,7.0,2153.0,0.8,0.0,18,4.2,2865.0,16.6,SAS,7054.0,0.524,DeJuan Blair,0.129,Pitt,19.0,424.0,19.0
0.0,201318,0.8420000000000001,-3.1,2013,19,19,3.0,87.0,1.5,3.0,140.0,0.9,0.282,35,-0.3,287.0,11.7,CLE,1110.0,0.395,Sergey Karasev,0.036000000000000004,,0.8,95.0,-16.0
0.0,200826,0.765,-1.9,2008,27,27,6.5,409.0,3.5,9.0,1768.0,0.8,0.35200000000000004,27,0.3,3282.0,17.8,NOH,8945.0,0.444,Darrell Arthur,0.066,Kansas,12.3,503.0,0.0
0.0,201248,0.748,1.8,2012,49,49,5.6,592.0,4.6,7.0,2050.0,1.3,0.209,8,6.2,2466.0,14.4,ORL,6401.0,0.518,Kyle O'Quinn,0.126,Norfolk State,16.8,443.0,41.0
0.0,201346,0.7759999999999999,-2.1,2013,47,45,4.8,376.0,1.3,4.0,261.0,1.9,0.377,28,-0.1,955.0,14.2,ATL,2817.0,0.44299999999999995,Raul Neto,0.078,,4.6,199.0,19.0
0.0,201253,0.5,-6.6,2012,54,53,1.3,17.0,0.9,2.0,39.0,0.4,0.125,38,-0.3,59.0,5.5,PHI,247.0,0.451,Tornike Shengelia,-0.032,,-0.2,45.0,16.0
0.0,200836,0.66,-0.8,2008,37,37,6.4,588.0,4.1,11.0,2798.0,0.9,0.335,19,4.9,4375.0,23.3,MIL,16013.0,0.45399999999999996,Luc Mbah a Moute,0.078,UCLA,26.0,686.0,18.0
0.0,201027,0.8170000000000001,-1.5,2010,28,28,9.0,1935.0,2.5,7.0,1021.0,4.8,0.349,21,1.1,3591.0,23.7,MEM,9520.0,0.418,Greivis Vásquez,0.064,Maryland,12.6,401.0,7.0
0.0,200828,0.72,-3.4,2008,29,29,5.9,80.0,3.2,6.0,437.0,0.6,0.33299999999999996,43,-0.7,810.0,15.3,DET,2111.0,0.507,D.J. White,0.087,Indiana,3.8,138.0,-14.0
0.0,200834,0.466,2.2,2008,35,35,9.6,713.0,10.9,11.0,8890.0,0.9,0.091,4,24.4,7836.0,28.2,LAC,23092.0,0.67,DeAndre Jordan,0.17300000000000001,Texas A&M,83.4,819.0,31.0
0.0,20128,0.44799999999999995,1.8,2012,9,9,14.1,626.0,13.7,7.0,7424.0,1.2,0.147,4,15.9,7661.0,30.8,DET,16711.0,0.5429999999999999,Andre Drummond,0.162,UConn,56.4,542.0,5.0
0.0,201026,0.826,-2.1,2010,27,27,12.2,883.0,2.5,6.0,703.0,3.1,0.317,36,-0.2,3432.0,24.4,NJN,6843.0,0.41100000000000003,Jordan Crawford,0.044000000000000004,Xavier,6.3,281.0,-9.0
0.0,200827,0.701,-3.8,2008,28,28,6.1,183.0,2.4,4.0,600.0,0.7,0.304,49,-2.0,1541.0,16.8,MEM,4259.0,0.406,Donté Greene,0.017,Syracuse,1.5,253.0,-21.0
0.0,201345,0.857,-5.1,2013,46,44,3.1,42.0,0.7,2.0,37.0,0.8,0.28800000000000003,35,-0.3,159.0,8.7,UTA,452.0,0.377,Erick Green,0.011000000000000001,Virginia Tech,0.1,52.0,11.0
0.0,200944,0.581,-0.7,2009,45,44,4.6,353.0,1.9,2.0,243.0,2.7,0.28800000000000003,27,0.6,590.0,15.6,MIN,2011.0,0.441,Nick Calathes,0.063,Florida,2.6,129.0,18.0
0.0,200833,0.7929999999999999,0.3,2008,34,34,8.9,2412.0,2.5,9.0,1585.0,3.7,0.35100000000000003,12,9.8,5743.0,26.7,MIN,17245.0,0.41700000000000004,Mario Chalmers,0.09,Kansas,32.3,646.0,22.0
-0.1,201136,0.7140000000000001,-8.9,2011,37,37,2.4,3.0,1.0,1.0,24.0,0.1,0.308,38,-0.2,57.0,5.0,LAC,119.0,0.39299999999999996,Trey Thompkins,0.004,Georgia,0.0,24.0,-1.0
-0.1,201719,0.637,-2.1,2017,20,20,7.0,85.0,3.8,1.0,222.0,1.5,0.0,23,0.0,408.0,14.1,POR,820.0,0.503,Harry Giles,0.055999999999999994,Duke,1.0,58.0,-3.0
-0.1,201817,0.8,-4.4,2018,18,17,2.6,9.0,1.0,1.0,17.0,0.5,0.385,25,-0.1,45.0,6.9,SAS,118.0,0.348,Lonnie Walker,0.019,Miami (FL),0.0,17.0,-7.0
-0.1,201615,0.682,-1.5,2016,16,16,2.3,31.0,1.4,2.0,105.0,0.4,0.32299999999999995,20,0.1,173.0,6.6,BOS,486.0,0.442,Guerschon Yabusele,0.105,,1.1,74.0,-4.0
-0.1,201211,0.853,-0.5,2012,12,12,10.2,674.0,3.7,7.0,1588.0,1.5,0.33899999999999997,13,3.4,4455.0,20.5,HOU,8905.0,0.44299999999999995,Jeremy Lamb,0.11199999999999999,UConn,20.8,435.0,-1.0
-0.1,201533,0.85,-4.8,2015,34,33,3.9,28.0,2.5,3.0,103.0,0.7,0.28600000000000003,34,-0.5,161.0,18.6,LAL,762.0,0.32799999999999996,Anthony Brown,-0.016,Stanford,-0.2,41.0,0.0
-0.2,201014,0.5529999999999999,0.6,2010,15,15,6.4,174.0,5.7,6.0,1345.0,0.7,0.0,16,3.0,1520.0,19.5,MIL,4635.0,0.48,Larry Sanders,0.107,Virginia Commonwealth,10.3,238.0,-1.0
-0.2,201427,0.813,-5.2,2014,28,28,2.0,30.0,0.5,3.0,31.0,0.5,0.33299999999999996,32,-0.3,132.0,5.7,LAC,376.0,0.37,C.J. Wilcox,0.006999999999999999,Washington,0.1,66.0,-4.0
-0.2,20186,0.795,-0.5,2018,7,7,10.3,78.0,7.0,1.0,307.0,1.8,0.188,11,0.4,455.0,25.2,CHI,1110.0,0.485,Wendell Carter,0.08,Duke,1.9,44.0,-4.0
-0.2,200829,0.565,-4.6,2008,30,30,1.9,13.0,1.4,2.0,54.0,0.3,0.0,38,-0.2,73.0,6.5,BOS,247.0,0.47600000000000003,J.R. Giddens,0.027000000000000003,New Mexico,0.1,38.0,-8.0
-0.2,201237,0.706,-4.0,2012,38,38,4.3,37.0,2.4,3.0,169.0,0.5,0.292,40,-0.5,295.0,13.5,DEN,934.0,0.35,Quincy Miller,-0.003,Baylor,-0.1,69.0,-2.0
-0.2,201731,0.667,-6.3,2017,32,31,2.4,16.0,1.5,2.0,45.0,0.5,0.31,36,-0.3,75.0,9.3,PHO,289.0,0.307,Davon Reed,-0.039,Miami (FL),-0.2,31.0,-4.0
-0.3,20099,0.7959999999999999,0.4,2009,10,10,14.1,3151.0,3.0,9.0,1659.0,5.7,0.345,11,10.4,7801.0,30.3,MIL,16844.0,0.387,Brandon Jennings,0.085,,29.9,555.0,-1.0
-0.3,201428,0.24,-3.8,2014,29,29,2.5,23.0,2.4,3.0,180.0,0.3,0.312,39,-0.5,187.0,14.1,OKC,1068.0,0.34600000000000003,Josh Huestis,0.03,Stanford,0.7,76.0,-10.0
-0.3,201716,0.551,-1.7,2017,17,17,4.3,55.0,3.3,2.0,232.0,0.8,0.364,20,0.1,301.0,13.6,MIL,953.0,0.423,D.J. Wilson,0.09,Michigan,1.8,70.0,-3.0
-0.3,201335,0.711,-2.8,2013,36,35,6.0,368.0,2.0,3.0,306.0,2.4,0.335,43,-0.6,920.0,18.2,SAC,2808.0,0.408,Ray McCallum,0.035,Detroit Mercy,2.1,154.0,-7.0
-0.3,20183,0.7659999999999999,0.1,2018,4,4,13.8,64.0,4.7,1.0,272.0,1.1,0.359,6,0.8,798.0,26.1,MEM,1515.0,0.506,Jaren Jackson,0.105,Michigan State,3.3,58.0,-2.0
-0.3,20184,0.8290000000000001,-1.1,2018,5,5,19.1,653.0,3.7,1.0,301.0,8.1,0.324,7,0.6,1549.0,30.9,DAL,2503.0,0.418,Trae Young,0.062,Oklahoma,3.3,81.0,-2.0
-0.4,201024,0.7290000000000001,-3.6,2010,25,25,3.1,144.0,1.4,3.0,114.0,1.8,0.095,40,-0.3,246.0,9.3,MEM,741.0,0.366,Dominique Jones,0.017,University of South Florida,0.3,80.0,-15.0
-0.4,201647,0.769,-4.8,2016,48,45,4.7,82.0,2.6,2.0,256.0,0.8,0.335,51,-1.2,458.0,17.0,CHI,1667.0,0.371,Paul Zipser,-0.001,,0.0,98.0,-3.0
-0.4,201812,0.667,-4.3,2018,13,13,3.4,19.0,1.2,1.0,41.0,0.6,0.316,36,-0.2,112.0,9.7,LAC,320.0,0.4,Jerome Robinson,0.012,Boston College,0.1,33.0,-23.0
-0.4,201814,0.6809999999999999,-3.7,2018,15,14,4.8,80.0,2.8,1.0,145.0,1.5,0.319,41,-0.3,248.0,14.0,WAS,730.0,0.415,Troy Brown,0.039,Oregon,0.6,52.0,-26.0
-0.4,20185,0.5870000000000001,-0.2,2018,6,6,6.2,39.0,5.0,1.0,233.0,0.8,0.3,11,0.4,292.0,16.3,ORL,766.0,0.48100000000000004,Mohamed Bamba,0.106,Texas,1.7,47.0,-5.0
-0.4,201421,0.607,-0.5,2014,22,22,3.2,19.0,0.9,2.0,30.0,0.6,0.385,24,0.1,101.0,8.2,MEM,263.0,0.402,Jordan Adams,0.07,UCLA,0.4,32.0,-2.0
-0.4,201431,0.7759999999999999,-3.3,2014,32,32,5.3,95.0,2.2,3.0,324.0,0.6,0.29,41,-0.7,782.0,14.1,PHI,2092.0,0.41200000000000003,K.J. McDaniels,0.03,Clemson,1.3,148.0,-9.0
-0.4,201113,0.747,-0.6,2011,14,14,11.5,828.0,4.6,8.0,2514.0,1.5,0.36,15,4.9,6293.0,26.5,HOU,14454.0,0.431,Marcus Morris,0.08900000000000001,Kansas,26.8,545.0,-1.0
-0.4,201125,0.67,-1.5,2011,26,26,5.9,127.0,2.8,5.0,429.0,0.8,0.35700000000000004,28,0.3,890.0,13.9,DAL,2100.0,0.408,Jordan Hamilton,0.069,Texas,3.0,151.0,-2.0
-0.5,201715,0.5,0.4,2017,16,16,1.8,3.0,1.5,2.0,6.0,0.8,0.0,23,0.0,7.0,6.3,CHI,25.0,0.33299999999999996,Justin Patton,0.09,Creighton,0.0,4.0,-7.0
-0.5,200931,0.73,-4.6,2009,32,32,5.4,48.0,1.7,2.0,108.0,0.7,0.284,39,-0.5,351.0,12.1,WAS,786.0,0.441,Jermaine Taylor,0.013999999999999999,Central Florida,0.2,65.0,-7.0
-0.5,201612,0.857,-3.0,2016,13,13,4.1,29.0,3.2,2.0,123.0,0.7,0.0,27,-0.1,160.0,12.2,PHO,477.0,0.514,Georgios Papagiannis,0.044000000000000004,,0.4,39.0,-14.0
-0.5,201736,0.613,-3.7,2017,37,36,3.0,43.0,1.9,2.0,247.0,0.3,0.318,46,-0.8,381.0,13.5,BOS,1744.0,0.382,Semi Ojeleye,0.051,SMU,1.9,129.0,-9.0
-0.5,200927,0.846,-2.0,2009,28,28,8.2,711.0,2.2,10.0,1416.0,1.1,0.379,35,-0.1,5278.0,21.3,MIN,13720.0,0.41,Wayne Ellington,0.062,UNC,17.8,645.0,-7.0
-0.6,201023,0.667,-4.3,2010,24,24,3.8,26.0,3.4,4.0,131.0,0.7,0.0,42,-0.4,150.0,16.0,ATL,623.0,0.415,Damion James,-0.001,Texas,0.0,39.0,-18.0
-0.6,20171,0.43700000000000006,1.2,2017,2,2,10.0,631.0,6.2,2.0,611.0,6.4,0.315,5,2.6,993.0,32.4,LAL,3203.0,0.38,Lonzo Ball,0.053,UCLA,3.5,99.0,-3.0
-0.6,20169,0.677,-1.7,2016,10,10,4.6,114.0,2.8,3.0,541.0,0.6,0.326,16,0.2,905.0,14.2,MIL,2772.0,0.42100000000000004,Thon Maker,0.083,,4.8,195.0,-6.0
-0.6,201241,0.7,-5.9,2012,42,42,3.5,75.0,1.0,2.0,95.0,0.8,0.39399999999999996,48,-1.2,345.0,12.7,MIL,1272.0,0.381,Doron Lamb,0.005,Kentucky,0.1,100.0,-6.0
-0.7,201711,0.847,-1.5,2017,12,12,8.6,238.0,2.6,2.0,359.0,1.8,0.40299999999999997,17,0.4,1171.0,21.3,DET,2900.0,0.441,Luke Kennard,0.085,Duke,5.1,136.0,-5.0
-0.8,200935,0.742,-2.9,2009,36,35,5.8,180.0,2.3,4.0,573.0,0.7,0.28,42,-0.9,1436.0,15.9,MEM,3966.0,0.442,Sam Young,0.063,Pitt,5.2,249.0,-6.0
-0.8,201420,0.58,-3.1,2014,21,21,4.4,17.0,3.5,2.0,183.0,0.3,0.0,29,-0.2,227.0,10.7,OKC,557.0,0.527,Mitch McGary,0.10800000000000001,Michigan,1.3,52.0,-8.0
-0.8,201518,0.7709999999999999,-2.0,2015,19,19,6.1,796.0,1.9,4.0,524.0,2.9,0.324,24,0.0,1665.0,18.0,WAS,4918.0,0.41200000000000003,Jerian Grant,0.081,Notre Dame,8.3,273.0,-5.0
-0.8,201621,0.7829999999999999,-6.8,2016,22,22,2.8,24.0,1.0,3.0,70.0,0.3,0.301,45,-0.8,198.0,8.9,CHO,625.0,0.358,Malachi Richardson,-0.009000000000000001,Syracuse,-0.1,70.0,-23.0
-0.8,201143,0.754,-5.9,2011,44,44,3.7,214.0,0.9,2.0,100.0,1.9,0.182,49,-1.3,408.0,12.1,GSW,1334.0,0.434,Charles Jenkins,0.017,Hofstra,0.5,110.0,-5.0
-0.9,20098,0.828,-0.5,2009,9,9,19.9,2553.0,4.3,10.0,3201.0,3.4,0.28300000000000003,12,10.0,14931.0,34.1,TOR,25674.0,0.451,DeMar DeRozan,0.113,USC,60.3,752.0,-3.0
-0.9,20137,0.799,0.1,2013,8,8,11.9,767.0,3.3,6.0,1566.0,1.6,0.345,9,7.2,5595.0,29.7,DET,13981.0,0.41200000000000003,Kentavious Caldwell-Pope,0.08199999999999999,Georgia,23.8,470.0,-1.0
-1.0,200922,0.6779999999999999,-1.5,2009,23,23,7.9,662.0,4.0,10.0,2355.0,1.1,0.368,24,1.6,4642.0,20.3,SAC,11959.0,0.45399999999999996,Omri Casspi,0.078,,19.6,588.0,-1.0
-1.0,20159,0.644,-0.8,2015,10,10,8.9,613.0,5.3,4.0,1222.0,2.7,0.34299999999999997,12,2.0,2057.0,28.2,MIA,6496.0,0.419,Justise Winslow,0.057,Duke,7.8,230.0,-2.0
-1.0,201425,0.81,-3.9,2014,26,26,6.0,59.0,2.4,2.0,266.0,0.5,0.295,45,-1.0,664.0,18.0,MIA,2000.0,0.34299999999999997,P.J. Hairston,0.021,UNC,0.9,111.0,-19.0
-1.0,20107,0.747,0.0,2010,8,8,7.7,827.0,6.1,9.0,4083.0,1.2,0.337,9,8.5,5170.0,25.2,LAC,16884.0,0.423,Al-Farouq Aminu,0.078,Wake Forest,27.4,670.0,-1.0
-1.0,201714,0.765,-2.5,2017,15,15,7.0,170.0,2.7,2.0,399.0,1.1,0.335,41,-0.4,1036.0,20.9,POR,3120.0,0.445,Justin Jackson,0.059000000000000004,UNC,3.9,149.0,-26.0
-1.0,201112,0.778,-0.8,2011,13,13,11.6,980.0,5.5,8.0,3185.0,1.7,0.33799999999999997,16,4.5,6726.0,26.0,PHO,15039.0,0.449,Markieff Morris,0.076,Kansas,23.7,579.0,-3.0
-1.1,201517,0.606,-1.9,2015,18,18,5.5,160.0,3.0,4.0,607.0,0.8,0.28800000000000003,21,0.1,1094.0,15.5,HOU,3096.0,0.478,Sam Dekker,0.083,Wisconsin,5.4,200.0,-3.0
-1.1,201333,0.836,-3.0,2013,34,33,8.1,454.0,1.9,6.0,438.0,1.9,0.35100000000000003,47,-1.3,1913.0,20.4,HOU,4799.0,0.371,Isaiah Canaan,0.043,Murray State,4.3,235.0,-13.0
-1.1,201641,0.7879999999999999,-4.9,2016,42,40,7.2,212.0,2.4,2.0,210.0,2.4,0.305,52,-1.4,643.0,20.5,UTA,1823.0,0.41100000000000003,Isaiah Whitehead,-0.025,Seton Hall,-0.9,89.0,-10.0
-1.1,201223,0.674,-5.9,2012,24,24,2.3,39.0,0.7,4.0,56.0,0.5,0.306,42,-0.6,197.0,7.2,CLE,605.0,0.34700000000000003,Jared Cunningham,0.017,Oregon State,0.2,84.0,-18.0
-1.1,20132,0.7929999999999999,2.0,2013,3,3,11.0,593.0,5.0,6.0,1989.0,1.5,0.405,5,10.7,4383.0,26.9,WAS,10747.0,0.483,Otto Porter,0.13,Georgetown,29.1,399.0,-2.0
-1.1,20143,0.7070000000000001,0.2,2014,4,4,12.5,736.0,6.2,5.0,2112.0,2.2,0.321,8,5.3,4249.0,27.9,ORL,9500.0,0.45,Aaron Gordon,0.091,Arizona,18.0,341.0,-4.0
-1.2,201328,0.7,-4.2,2013,29,28,6.3,206.0,2.0,4.0,331.0,1.2,0.23600000000000002,47,-1.3,1040.0,14.5,OKC,2396.0,0.429,Archie Goodwin,0.022000000000000002,Kentucky,1.1,165.0,-18.0
-1.3,201020,0.5,-9.1,2010,21,21,1.8,9.0,1.1,2.0,19.0,0.5,0.214,36,-0.2,30.0,7.1,OKC,121.0,0.265,Craig Brackins,-0.08900000000000001,Iowa State,-0.2,17.0,-15.0
-1.3,201412,0.8240000000000001,-1.6,2014,13,13,16.1,1021.0,3.4,5.0,990.0,3.5,0.373,19,0.9,4710.0,29.9,MIN,8772.0,0.446,Zach LaVine,0.044000000000000004,UCLA,8.0,293.0,-6.0
-1.4,201228,0.6609999999999999,-8.0,2012,29,29,2.4,134.0,1.0,3.0,90.0,1.5,0.222,51,-1.4,217.0,10.0,CHI,909.0,0.34299999999999997,Marquis Teague,-0.045,Kentucky,-0.9,91.0,-22.0
-1.4,201319,0.8190000000000001,-1.9,2013,20,20,6.2,455.0,2.4,6.0,1045.0,1.0,0.382,24,0.3,2762.0,21.8,CHI,9637.0,0.425,Tony Snell,0.067,New Mexico,13.5,442.0,-4.0
-1.4,20176,0.8590000000000001,-1.9,2017,7,7,16.7,154.0,8.2,2.0,978.0,1.3,0.36200000000000004,20,0.1,2007.0,30.9,MIN,3702.0,0.43200000000000005,Lauri Markkanen,0.079,Arizona,6.1,120.0,-13.0
-1.6,20178,0.6679999999999999,-2.4,2017,9,9,14.5,610.0,3.4,2.0,415.0,5.0,0.316,36,-0.3,1770.0,29.2,DAL,3557.0,0.40700000000000003,Dennis Smith,-0.009000000000000001,NC State,-0.7,122.0,-27.0
-1.6,201222,0.847,-3.8,2012,23,23,5.0,138.0,1.5,6.0,250.0,0.8,0.36700000000000005,46,-1.0,855.0,12.8,ATL,2183.0,0.441,John Jenkins,0.065,Vanderbilt,3.0,171.0,-23.0
-1.7,201416,0.563,-4.0,2014,17,17,2.3,28.0,1.0,4.0,96.0,0.3,0.27699999999999997,35,-0.4,219.0,8.5,BOS,812.0,0.36700000000000005,James Young,0.046,Kentucky,0.8,95.0,-18.0
-1.8,20158,0.76,-1.2,2015,9,9,9.8,452.0,4.0,4.0,1122.0,1.6,0.349,17,1.3,2758.0,22.2,CHO,6252.0,0.419,Frank Kaminsky,0.084,Wisconsin,11.0,282.0,-8.0
-1.8,20174,0.725,-1.3,2017,5,5,14.6,910.0,3.3,2.0,508.0,5.9,0.345,14,0.8,2243.0,29.7,SAC,4572.0,0.439,De'Aaron Fox,0.053,Kentucky,5.0,154.0,-9.0
-1.8,201216,0.764,-1.6,2012,17,17,7.0,367.0,4.4,7.0,1816.0,0.9,0.28600000000000003,21,0.8,2871.0,17.6,DAL,7250.0,0.509,Tyler Zeller,0.113,UNC,17.1,412.0,-4.0
-1.8,201514,0.778,-2.3,2015,15,15,9.4,242.0,3.7,4.0,1082.0,0.8,0.321,33,-0.4,2737.0,22.1,ATL,6442.0,0.424,Kelly Oubre,0.062,Kansas,8.3,292.0,-18.0
-1.9,20164,0.723,-1.3,2016,5,5,8.6,775.0,3.3,3.0,574.0,4.4,0.32299999999999995,11,0.7,1511.0,24.1,MIN,4247.0,0.41700000000000004,Kris Dunn,0.018000000000000002,Providence,1.6,176.0,-6.0
-1.9,20167,0.628,-2.4,2016,8,8,7.6,165.0,4.5,3.0,885.0,0.8,0.29600000000000004,41,-0.4,1491.0,19.1,SAC,3769.0,0.429,Marquese Chriss,0.028999999999999998,Washington,2.3,197.0,-33.0
-2.0,201224,0.647,-4.1,2012,25,25,11.1,437.0,2.5,4.0,363.0,3.0,0.231,52,-1.6,1604.0,21.2,MEM,3076.0,0.413,Tony Wroten,-0.021,Washington,-1.3,145.0,-27.0
-2.0,201018,0.778,-1.8,2010,19,19,12.0,949.0,3.0,9.0,1555.0,1.8,0.364,23,0.6,6289.0,28.7,BOS,14957.0,0.436,Avery Bradley,0.047,Texas,14.6,522.0,-4.0
-2.1,201119,0.597,-2.0,2011,20,20,7.3,269.0,3.8,6.0,952.0,1.1,0.3,31,0.0,1832.0,18.2,MIN,4566.0,0.469,Donatas Motiejūnas,0.075,,7.1,251.0,-11.0
-2.2,20151,0.762,0.4,2015,2,2,16.5,1381.0,3.7,4.0,999.0,5.1,0.353,7,4.6,4493.0,28.5,LAL,7752.0,0.419,D'Angelo Russell,0.040999999999999995,Ohio State,6.6,272.0,-5.0
-2.3,201316,0.825,-2.0,2013,17,17,13.4,1998.0,2.7,6.0,1168.0,4.6,0.325,26,0.0,5769.0,24.7,ATL,10655.0,0.43,Dennis Schröder,0.059000000000000004,,13.1,431.0,-9.0
-2.3,20120,0.795,4.8,2012,1,1,23.7,982.0,10.5,7.0,4906.0,2.1,0.314,2,27.6,11059.0,34.6,NOH,16108.0,0.517,Anthony Davis,0.214,Kentucky,72.0,466.0,-1.0
-2.3,201710,0.871,-4.1,2017,11,11,7.9,208.0,1.5,2.0,203.0,1.5,0.335,51,-1.1,1074.0,15.5,CHO,2112.0,0.376,Malik Monk,0.006999999999999999,Kentucky,0.3,136.0,-40.0
-2.3,20146,0.722,-0.4,2014,7,7,15.4,847.0,8.9,5.0,2753.0,2.7,0.307,11,3.6,4784.0,28.5,LAL,8854.0,0.502,Julius Randle,0.096,Kentucky,17.8,311.0,-4.0
-2.4,20180,0.746,0.2,2018,1,1,16.3,125.0,10.3,1.0,729.0,1.8,0.0,3,1.2,1159.0,30.7,PHO,2183.0,0.585,Deandre Ayton,0.128,Arizona,5.8,71.0,-2.0
-2.6,201511,0.705,-2.4,2015,12,12,7.6,306.0,3.9,4.0,1127.0,1.1,0.331,36,-0.6,2198.0,17.5,UTA,5051.0,0.431,Trey Lyles,0.077,Kentucky,8.1,288.0,-24.0
-2.6,20181,0.691,-1.8,2018,2,2,14.9,62.0,7.6,1.0,471.0,1.0,0.313,14,0.1,923.0,25.3,SAC,1567.0,0.504,Marvin Bagley,0.11,Duke,3.6,62.0,-12.0
-2.6,201317,0.777,-2.5,2013,18,18,5.5,737.0,1.9,4.0,490.0,2.9,0.336,43,-0.6,1399.0,19.1,ATL,4880.0,0.42200000000000004,Shane Larkin,0.044000000000000004,Miami (FL),4.4,256.0,-25.0
-2.6,201120,0.7140000000000001,-6.5,2011,21,21,3.3,97.0,1.0,2.0,83.0,1.2,0.26,47,-0.9,277.0,9.9,POR,829.0,0.371,Nolan Smith,-0.047,Duke,-0.8,84.0,-26.0
-2.7,201417,0.768,-4.6,2014,18,18,4.2,359.0,1.3,4.0,250.0,1.9,0.317,49,-1.5,779.0,12.6,PHO,2336.0,0.419,Tyler Ennis,0.026000000000000002,Syracuse,1.3,186.0,-31.0
-2.7,20188,0.7170000000000001,-6.0,2018,9,9,12.8,82.0,4.5,1.0,335.0,1.1,0.34299999999999997,53,-2.2,963.0,28.8,NYK,2158.0,0.37,Kevin Knox,-0.03,Kentucky,-1.3,75.0,-44.0
-2.7,20127,0.8190000000000001,-0.8,2012,8,8,10.5,535.0,2.8,7.0,1366.0,1.1,0.374,12,3.5,5163.0,24.3,TOR,11942.0,0.423,Terrence Ross,0.077,Washington,19.2,492.0,-4.0
-2.8,201516,0.6920000000000001,-5.6,2015,17,17,3.0,75.0,1.1,3.0,158.0,0.5,0.313,42,-1.5,423.0,12.0,MIL,1671.0,0.337,Rashad Vaughn,-0.017,UNLV,-0.6,139.0,-25.0
-2.8,20153,0.804,-0.1,2015,4,4,17.8,248.0,7.1,3.0,1317.0,1.3,0.361,11,2.8,3312.0,31.0,NYK,5764.0,0.43700000000000006,Kristaps Porziņģis,0.1,,12.1,186.0,-7.0
-2.9,201019,0.755,-2.8,2010,20,20,5.8,291.0,2.3,5.0,560.0,1.2,0.321,47,-0.9,1422.0,17.5,SAS,4320.0,0.41100000000000003,James Anderson,0.037000000000000005,Oklahoma State,3.3,247.0,-27.0
-3.0,201215,,-10.4,2012,16,16,0.0,0.0,0.0,1.0,0.0,0.0,,29,0.0,0.0,3.0,HOU,9.0,0.0,Royce White,-0.121,Iowa State,0.0,3.0,-13.0
-3.1,20177,0.735,-4.5,2017,8,8,5.9,371.0,2.2,2.0,264.0,3.1,0.305,52,-1.7,709.0,21.6,NYK,2610.0,0.354,Frank Ntilikina,-0.033,,-1.8,121.0,-44.0
-3.2,201210,0.828,-1.4,2012,11,11,5.6,338.0,3.7,7.0,1470.0,0.9,0.385,20,0.9,2183.0,15.5,POR,6095.0,0.479,Meyers Leonard,0.106,Illinois,13.4,393.0,-9.0
-3.3,201414,0.68,-5.5,2014,15,15,4.0,66.0,2.9,4.0,315.0,0.6,0.254,47,-1.2,429.0,13.1,ATL,1403.0,0.406,Adreian Payne,-0.019,Michigan State,-0.6,107.0,-32.0
-3.3,20085,0.871,1.2,2008,6,6,15.9,1118.0,4.9,10.0,2669.0,2.0,0.376,9,13.7,8720.0,31.1,NYK,17052.0,0.425,Danilo Gallinari,0.142,,50.4,549.0,-3.0
-3.4,201010,0.738,1.0,2010,11,11,3.1,183.0,3.3,8.0,1131.0,0.5,,19,2.6,1050.0,10.0,NOH,3389.0,0.527,Cole Aldrich,0.135,Kansas,9.6,339.0,-8.0
-3.6,201310,0.7020000000000001,-0.7,2013,11,11,10.9,1463.0,4.5,6.0,1427.0,4.6,0.251,15,2.7,3426.0,26.2,PHI,8265.0,0.401,Michael Carter-Williams,0.03,Syracuse,5.2,315.0,-4.0
-3.7,200921,0.585,-3.3,2009,22,22,3.2,56.0,2.2,3.0,178.0,0.7,0.293,37,-0.4,258.0,13.4,POR,1072.0,0.39799999999999996,Victor Claver,0.011000000000000001,,0.2,80.0,-15.0
-3.7,20163,0.647,-3.1,2016,4,4,5.3,209.0,3.8,3.0,647.0,1.2,0.321,48,-1.0,907.0,20.3,PHO,3469.0,0.39399999999999996,Dragan Bender,0.002,,0.2,171.0,-44.0
-3.8,200819,0.797,-2.5,2008,20,20,5.3,143.0,3.9,7.0,1150.0,0.5,0.28600000000000003,42,-0.5,1553.0,13.3,CHA,3905.0,0.503,Alexis Ajinça,0.09300000000000001,,7.5,293.0,-22.0
-3.8,20157,0.764,-2.1,2015,8,8,7.0,423.0,3.4,4.0,964.0,1.5,0.293,30,-0.2,1985.0,21.6,DET,6160.0,0.374,Stanley Johnson,0.026000000000000002,Arizona,3.3,285.0,-22.0
-3.9,20170,0.534,-3.1,2017,1,1,7.7,112.0,3.4,2.0,113.0,3.4,0.267,34,-0.2,255.0,20.6,PHI,680.0,0.414,Markelle Fultz,0.038,Washington,0.5,33.0,-33.0
-3.9,200923,0.706,-4.6,2009,24,24,7.4,153.0,4.2,5.0,790.0,0.8,0.319,48,-2.3,1398.0,18.2,DAL,3446.0,0.408,Byron Mullens,0.008,Ohio State,0.6,189.0,-24.0
-3.9,20162,0.6579999999999999,-1.8,2016,3,3,11.2,278.0,4.0,3.0,879.0,1.3,0.365,15,0.3,2496.0,24.4,BOS,5406.0,0.462,Jaylen Brown,0.08,Cal,9.0,222.0,-12.0
-4.0,201015,0.747,-2.8,2010,16,16,4.8,224.0,2.2,8.0,846.0,0.6,0.402,48,-1.0,1818.0,14.0,MIN,5332.0,0.408,Luke Babbitt,0.065,Nevada,7.2,381.0,-32.0
-4.1,20135,0.631,1.6,2013,6,6,8.2,365.0,6.5,5.0,1940.0,1.2,0.25,11,6.3,2445.0,22.8,NOH,6850.0,0.523,Nerlens Noel,0.11699999999999999,Kentucky,16.6,300.0,-5.0
-4.1,201117,0.633,-2.3,2011,18,18,4.1,92.0,3.2,3.0,472.0,0.6,0.319,38,-0.2,612.0,17.6,WAS,2605.0,0.376,Chris Singleton,0.042,Florida State,2.3,148.0,-20.0
-4.3,201127,0.743,-4.0,2011,28,28,7.0,981.0,2.0,6.0,702.0,2.7,0.324,54,-4.0,2506.0,22.3,CHI,8018.0,0.40700000000000003,Norris Cole,0.018000000000000002,Cleveland State University,3.0,360.0,-26.0
-4.5,20110,0.875,3.7,2011,1,1,22.2,2884.0,3.6,8.0,1852.0,5.7,0.39,3,24.9,11294.0,33.8,CLE,17169.0,0.465,Kyrie Irving,0.163,Duke,58.4,508.0,-2.0
-5.1,20148,0.6829999999999999,-2.6,2014,9,9,5.1,228.0,5.4,5.0,1617.0,0.8,0.316,43,-0.8,1528.0,17.7,CHH,5295.0,0.45299999999999996,Noah Vonleh,0.075,Indiana,8.3,299.0,-34.0
-5.3,201218,0.773,-5.3,2012,19,19,6.0,126.0,3.0,5.0,857.0,0.4,0.321,56,-3.4,1700.0,14.3,ORL,4080.0,0.467,Andrew Nicholson,0.045,St. Bonaventure,3.8,285.0,-37.0
-5.4,201410,0.825,-3.0,2014,11,11,7.8,269.0,2.1,5.0,726.0,0.8,0.40399999999999997,50,-1.8,2659.0,19.9,DEN,6798.0,0.45899999999999996,Doug McDermott,0.075,Creighton,10.6,341.0,-39.0
-5.4,20126,0.795,-1.4,2012,7,7,13.6,830.0,4.9,7.0,2645.0,1.5,0.374,17,2.6,7322.0,30.7,GSW,16592.0,0.446,Harrison Barnes,0.086,UNC,29.7,540.0,-10.0
-5.5,201313,0.7509999999999999,-4.1,2013,14,14,9.0,151.0,2.8,5.0,770.0,0.5,0.319,51,-2.5,2504.0,17.2,UTA,4772.0,0.473,Shabazz Muhammad,0.085,UCLA,8.5,278.0,-37.0
-5.7,20133,0.74,0.8,2013,4,4,8.2,495.0,5.8,6.0,2085.0,1.4,0.263,12,5.9,2969.0,22.9,CHA,8272.0,0.511,Cody Zeller,0.14,Indiana,24.1,361.0,-8.0
-5.7,20094,0.838,1.2,2009,5,5,11.1,3817.0,4.2,8.0,2092.0,7.7,0.322,7,12.3,5525.0,30.9,MIN,15370.0,0.38799999999999996,Ricky Rubio,0.10099999999999999,,32.2,498.0,-2.0
-5.8,200818,0.617,-2.3,2008,19,19,9.5,449.0,6.8,8.0,3639.0,0.8,0.0,46,-0.9,5081.0,22.3,CLE,11925.0,0.505,J.J. Hickson,0.08800000000000001,NC State,21.9,534.0,-27.0
-6.0,201016,0.715,-3.9,2010,17,17,5.9,246.0,3.5,7.0,1462.0,0.6,0.0,51,-3.1,2516.0,15.2,CHI,6430.0,0.489,Kevin Séraphin,0.044000000000000004,,5.9,423.0,-34.0
-6.2,201212,0.611,-5.6,2012,13,13,5.0,779.0,1.6,4.0,253.0,4.9,0.37,55,-2.8,802.0,19.3,PHO,3083.0,0.39899999999999997,Kendall Marshall,0.015,UNC,1.0,160.0,-42.0
-6.4,20141,0.7390000000000001,-1.5,2014,2,2,15.1,525.0,5.7,5.0,1419.0,2.1,0.337,19,0.9,3724.0,29.7,MIL,7341.0,0.491,Jabari Parker,0.076,Duke,11.6,247.0,-17.0
-6.4,200919,0.721,-4.7,2009,20,20,4.3,760.0,1.3,5.0,348.0,2.8,0.35,49,-2.7,1141.0,14.6,UTA,3896.0,0.392,Eric Maynor,0.040999999999999995,Virginia Commonwealth,3.3,267.0,-29.0
-6.4,20161,0.662,-2.7,2016,2,2,13.9,550.0,4.7,3.0,897.0,2.9,0.32899999999999996,48,-1.0,2639.0,31.7,LAL,6014.0,0.45799999999999996,Brandon Ingram,0.036000000000000004,Duke,4.5,190.0,-46.0
-6.6,201111,0.7709999999999999,-2.2,2011,12,12,9.5,729.0,3.0,8.0,1304.0,1.7,0.355,44,-0.5,4089.0,21.1,UTA,9052.0,0.423,Alec Burks,0.069,Colorado,13.0,429.0,-32.0
-7.3,20093,0.757,0.7,2009,4,4,15.7,2852.0,4.6,10.0,2720.0,4.8,0.32299999999999995,6,12.6,9347.0,30.7,SAC,18242.0,0.44,Tyreke Evans,0.075,Memphis,28.4,594.0,-2.0
-7.4,20147,0.8140000000000001,-3.2,2014,8,8,6.8,513.0,2.1,5.0,688.0,1.5,0.353,53,-2.1,2272.0,19.9,SAC,6662.0,0.389,Nik Stauskas,0.027999999999999997,Michigan,3.8,335.0,-45.0
-7.4,20144,0.77,-3.3,2014,5,5,5.9,462.0,1.8,4.0,357.0,2.3,0.304,48,-1.3,1207.0,19.3,UTA,3944.0,0.4,Dante Exum,0.033,,2.7,204.0,-43.0
-7.4,20129,0.637,-2.8,2012,10,10,9.2,1154.0,2.0,7.0,988.0,2.4,0.34700000000000003,54,-2.3,4457.0,24.6,NOH,11923.0,0.41700000000000004,Austin Rivers,0.036000000000000004,Duke,9.1,484.0,-44.0
-7.4,20156,0.742,-3.8,2015,7,7,11.8,1023.0,3.1,4.0,758.0,4.2,0.32,44,-2.8,2901.0,25.7,DEN,6326.0,0.39299999999999996,Emmanuel Mudiay,-0.009000000000000001,,-1.2,246.0,-37.0
-7.6,20138,0.8,-2.2,2013,9,9,10.9,1301.0,2.1,6.0,741.0,3.6,0.34,39,-0.4,3924.0,23.6,MIN,8529.0,0.408,Trey Burke,0.057999999999999996,Michigan,10.2,361.0,-30.0
-7.8,201011,0.635,-5.1,2010,12,12,5.7,120.0,1.9,5.0,351.0,0.6,0.325,50,-2.3,1050.0,15.7,MEM,2905.0,0.406,Xavier Henry,0.013000000000000001,Kansas,0.8,185.0,-38.0
-7.8,20100,0.7809999999999999,2.3,2010,1,1,19.0,5282.0,4.3,9.0,2483.0,9.2,0.324,3,22.1,10879.0,35.9,WAS,20545.0,0.433,John Wall,0.10400000000000001,Kentucky,44.3,573.0,-2.0
-7.8,20152,0.679,-3.5,2015,3,3,11.5,175.0,5.1,4.0,976.0,0.9,0.2,42,-1.5,2178.0,21.1,PHI,4013.0,0.53,Jahlil Okafor,0.063,Duke,5.3,190.0,-39.0
-8.0,20102,0.664,1.4,2010,3,3,11.6,701.0,7.2,9.0,4547.0,1.1,0.21,7,14.1,7320.0,25.7,NJN,16267.0,0.525,Derrick Favors,0.146,Georgia Tech,49.5,632.0,-4.0
-8.0,200815,0.797,-2.8,2008,16,16,7.9,461.0,4.1,10.0,2875.0,0.7,0.35600000000000004,50,-2.2,5592.0,15.1,PHI,10640.0,0.45899999999999996,Marreese Speights,0.11599999999999999,Florida,25.8,705.0,-34.0
-8.5,200811,0.657,-1.7,2008,12,12,8.9,635.0,6.6,8.0,3880.0,1.1,0.14300000000000002,23,1.3,5210.0,25.2,SAC,14819.0,0.496,Jason Thompson,0.077,Rider University,23.8,588.0,-11.0
-8.9,20122,0.7979999999999999,1.0,2012,3,3,19.8,1824.0,3.9,7.0,1927.0,3.7,0.384,5,12.6,9684.0,34.4,WAS,16779.0,0.452,Bradley Beal,0.10400000000000001,Florida,36.4,488.0,-2.0
-9.1,20114,0.7859999999999999,0.0,2011,5,5,12.1,391.0,8.5,7.0,4164.0,0.8,0.35700000000000004,12,6.1,5903.0,25.2,TOR,12301.0,0.5579999999999999,Jonas Valančiūnas,0.177,,45.3,489.0,-7.0
-9.4,200813,0.74,-2.1,2008,14,14,7.1,187.0,4.3,6.0,1078.0,0.7,0.24100000000000002,36,-0.1,1789.0,15.2,GSW,3841.0,0.45299999999999996,Anthony Randolph,0.07200000000000001,LSU,5.8,252.0,-22.0
-9.6,20117,0.812,-1.5,2011,8,8,14.5,1700.0,3.2,7.0,1336.0,4.0,0.354,21,1.7,6086.0,30.1,DET,12675.0,0.413,Brandon Knight,0.044000000000000004,Kentucky,11.6,421.0,-13.0
-9.9,20134,0.695,-1.6,2013,5,5,7.9,345.0,6.3,6.0,2599.0,0.8,0.349,22,0.8,3275.0,19.9,PHO,8200.0,0.48700000000000004,Alex Len,0.091,Maryland,15.6,412.0,-17.0
-10.3,200914,0.778,-2.6,2009,15,15,5.2,212.0,2.6,6.0,764.0,0.7,0.35100000000000003,41,-0.6,1522.0,14.1,DET,4132.0,0.402,Austin Daye,0.053,Gonzaga,4.5,293.0,-26.0
-10.5,200810,0.818,-2.0,2008,11,11,8.4,1674.0,2.1,11.0,1235.0,2.9,0.361,30,0.0,4909.0,21.3,IND,12486.0,0.41100000000000003,Jerryd Bayless,0.07200000000000001,Arizona,18.6,586.0,-19.0
-10.6,20131,0.7929999999999999,1.1,2013,2,2,17.5,1589.0,4.6,6.0,1859.0,4.0,0.35200000000000004,6,10.4,7028.0,33.2,ORL,13360.0,0.44299999999999995,Victor Oladipo,0.087,Indiana,24.2,402.0,-4.0
-10.8,20119,0.879,-4.2,2011,10,10,6.0,331.0,1.0,6.0,243.0,1.4,0.37200000000000005,52,-1.8,1438.0,13.3,MIL,3213.0,0.409,Jimmer Fredette,0.033,BYU,2.2,241.0,-42.0
-10.9,20086,0.8140000000000001,-0.9,2008,7,7,16.7,1842.0,2.5,11.0,1569.0,2.9,0.374,16,5.8,10497.0,33.0,LAC,20783.0,0.428,Eric Gordon,0.078,Indiana,33.6,629.0,-9.0
-10.9,200911,0.7929999999999999,-2.2,2009,12,12,11.2,1009.0,3.2,8.0,1716.0,1.9,0.327,42,-0.9,5987.0,25.9,CHA,13854.0,0.44,Gerald Henderson,0.063,Duke,18.3,535.0,-30.0
-10.9,20136,0.7829999999999999,-2.8,2013,7,7,8.8,407.0,2.5,6.0,909.0,1.1,0.353,49,-1.7,3239.0,23.7,SAC,8725.0,0.41700000000000004,Ben McLemore,0.025,Kansas,4.6,368.0,-42.0
-11.1,20097,0.6990000000000001,-2.0,2009,8,8,7.9,322.0,5.8,8.0,2389.0,0.8,0.136,32,0.0,3232.0,18.8,NYK,7692.0,0.49700000000000005,Jordan Hill,0.102,Arizona,16.4,409.0,-24.0
-11.1,20088,0.863,-1.5,2008,9,9,9.8,3204.0,1.9,11.0,1521.0,4.0,0.381,21,2.6,7928.0,24.1,CHA,19419.0,0.413,D.J. Augustin,0.10400000000000001,Texas,41.9,807.0,-12.0
-11.8,200910,0.659,-3.8,2009,11,11,7.1,364.0,3.6,4.0,545.0,2.4,0.317,46,-1.4,1085.0,19.1,NJN,2922.0,0.41200000000000003,Terrence Williams,-0.004,Louisville,-0.2,153.0,-35.0
-11.9,20116,0.5710000000000001,-2.0,2011,7,7,4.9,288.0,6.3,8.0,3660.0,0.5,0.0,30,0.1,2880.0,20.3,SAC,11835.0,0.517,Bismack Biyombo,0.09300000000000001,,22.9,583.0,-23.0
-13.0,20115,0.408,-0.6,2011,6,6,3.6,96.0,3.5,3.0,562.0,0.6,0.0,24,0.9,590.0,15.2,WAS,2455.0,0.521,Jan Veselý,0.078,,4.0,162.0,-18.0
-13.6,20105,0.718,0.2,2010,6,6,3.5,260.0,2.9,7.0,1100.0,0.7,0.0,15,3.2,1353.0,14.8,GSW,5694.0,0.45299999999999996,Ekpe Udoh,0.08800000000000001,Baylor,10.4,384.0,-9.0
-13.9,20124,0.505,-3.2,2012,5,5,4.9,190.0,4.8,5.0,1507.0,0.6,0.0,50,-1.3,1528.0,13.4,SAC,4204.0,0.47,Thomas Robinson,0.053,Kansas,4.6,313.0,-45.0
-14.5,20087,0.698,-3.3,2008,8,8,4.2,44.0,1.8,2.0,120.0,0.7,0.34,38,-0.2,282.0,11.1,MIL,745.0,0.41,Joe Alexander,0.03,West Virginia,0.5,67.0,-30.0
-14.6,20103,0.741,-1.2,2010,4,4,7.0,645.0,3.2,9.0,1924.0,1.1,0.337,17,2.9,4235.0,22.1,MIN,13472.0,0.40399999999999997,Wesley Johnson,0.038,Syracuse,10.7,609.0,-13.0
-15.3,20095,0.809,-4.9,2009,6,6,9.2,634.0,1.9,3.0,307.0,3.9,0.33799999999999997,49,-2.7,1504.0,22.9,MIN,3738.0,0.4,Jonny Flynn,-0.015,Syracuse,-1.1,163.0,-43.0
-17.5,20123,0.6920000000000001,-2.5,2012,4,4,13.2,1143.0,2.7,7.0,1084.0,2.8,0.34700000000000003,52,-1.6,5394.0,28.4,CLE,11628.0,0.41200000000000003,Dion Waiters,0.036000000000000004,Syracuse,8.7,409.0,-48.0
-17.7,20113,0.61,-0.6,2011,4,4,9.2,504.0,8.6,8.0,4816.0,0.9,0.0,13,5.5,5155.0,27.8,CLE,15651.0,0.519,Tristan Thompson,0.12300000000000001,Texas,40.0,562.0,-9.0
-19.8,20082,0.82,-0.8,2008,3,3,13.8,1607.0,3.1,8.0,1706.0,2.9,0.373,18,5.1,7574.0,30.9,MIN,16919.0,0.429,O.J. Mayo,0.062,USC,21.8,547.0,-15.0
-22.4,20101,0.7809999999999999,-2.0,2010,2,2,9.9,2424.0,4.7,9.0,3240.0,3.5,0.29600000000000004,25,0.1,6762.0,27.2,PHI,18687.0,0.435,Evan Turner,0.053,Ohio State,20.5,686.0,-23.0
-22.8,20112,0.78,-1.3,2011,3,3,11.9,490.0,7.6,8.0,4436.0,0.8,0.294,20,2.1,6946.0,22.2,UTA,12949.0,0.541,Enes Kanter,0.147,,39.6,583.0,-17.0
-23.0,20140,0.735,-2.5,2014,1,1,19.4,867.0,4.3,5.0,1703.0,2.2,0.332,50,-1.8,7768.0,36.0,CLE,14384.0,0.44,Andrew Wiggins,0.044000000000000004,Kansas,13.0,400.0,-49.0
-25.2,20121,0.7140000000000001,-1.1,2012,2,2,8.8,501.0,5.6,7.0,2353.0,1.2,0.27699999999999997,18,2.4,3690.0,25.4,CHA,10697.0,0.47700000000000004,Michael Kidd-Gilchrist,0.095,Kentucky,21.2,421.0,-16.0
-26.5,20130,0.67,-5.6,2013,1,1,4.4,77.0,3.1,4.0,472.0,0.5,0.261,49,-1.7,658.0,12.6,CLE,1905.0,0.392,Anthony Bennett,0.013000000000000001,UNLV,0.5,151.0,-48.0
-27.6,20090,0.6920000000000001,4.0,2009,1,1,21.9,2690.0,9.0,9.0,5417.0,4.5,0.342,3,32.3,13200.0,35.0,LAC,21159.0,0.502,Blake Griffin,0.171,Oklahoma,75.3,604.0,-2.0
-28.6,20111,0.71,-3.2,2011,2,2,8.9,293.0,4.0,7.0,1693.0,0.7,0.3,53,-2.6,3809.0,20.7,MIN,8864.0,0.434,Derrick Williams,0.076,Arizona,14.1,428.0,-51.0
-31.1,20081,0.759,-3.2,2008,2,2,12.4,788.0,4.7,11.0,2861.0,1.3,0.349,51,-4.3,7568.0,22.8,MIA,13903.0,0.465,Michael Beasley,0.054000000000000006,Kansas State,15.6,609.0,-49.0
-50.7,20091,0.578,-1.4,2009,2,2,2.2,27.0,2.7,5.0,595.0,0.1,,28,0.4,483.0,10.5,MEM,2357.0,0.5670000000000001,Hasheem Thabeet,0.099,UConn,4.8,224.0,-26.0
-51.1,20080,0.8240000000000001,0.3,2008,1,1,18.8,3056.0,3.5,10.0,1910.0,5.6,0.304,11,10.5,10281.0,33.2,CHI,18104.0,0.45299999999999996,Derrick Rose,0.099,Memphis,37.2,546.0,-10.0
