ShotsPerGame,CurrentClub,PassingAccuracy,Rating,Player Age,MotM,RedCards,Minutes,YellowCards,AppearancesAsSub,Appearances,AerielsWon,Player,Assists,Goals
0.82,Burnley,67.96000000000001,6.914, 34,0,1,4876,19,3,23,1.5,Phil Bardsley,1,0
1.55,Burnley,70.99999999999999,6.79, 29,3,0,9945,11,24,100,1.3125,Johann Gudmundsson,28,13
0.8666666666666667,Burnley,85.36666666666667,6.73, 20,3,0,2628,2,3,19,0.6,Dwight McNeil,9,4
0.4666666666666666,Burnley,70.31666666666666,7.039999999999999, 27,12,1,9728,23,17,6,3.766666666666667,James Tarkowski,5,4
0.62,Burnley,70.8,7.066, 30,7,0,14254,29,0,0,4.08,Ben Mee,3,3
1.6800000000000002,Burnley,56.48,6.612, 30,4,1,7403,28,41,68,3.02,Ashley Barnes,4,32
0.3666666666666667,Burnley,73.03333333333333,6.905000000000001, 31,7,0,12988,26,3,79,1.6333333333333335,Erik Pieters,9,3
0.16,Burnley,72.64,6.886, 26,6,0,10218,12,9,72,1.5999999999999999,Charlie Taylor,8,1
0.18,Burnley,67.54,6.95, 30,5,0,10541,22,5,69,1.44,Matthew Lowton,9,1
2.183333333333333,Burnley,63.81666666666667,6.7700000000000005, 27,11,0,11857,8,19,123,3.0666666666666664,Chris Wood,12,66
0.0,Burnley,39.9,6.816666666666666, 27,0,0,6354,3,1,34,0.5333333333333333,Nick Pope,0,0
0.52,Burnley,80.70000000000002,6.7299999999999995, 30,1,0,12355,23,12,53,1.54,Jack Cork,5,4
0.6166666666666667,Burnley,78.76666666666667,6.54, 29,2,0,9866,23,19,98,0.4166666666666667,Ashley Westwood,12,4
0.9375,Burnley,78.07499999999999,6.46125, 27,3,1,10705,22,26,114,0.8375,Jeff Hendrick,6,11
1.3625,Burnley,68.275,6.752499999999999, 27,9,2,8087,13,25,70,0.5625,Robbie Brady,13,11
1.6500000000000001,Burnley,71.5,6.508333333333333, 30,7,1,8817,9,40,49,1.5166666666666666,Jay Rodriguez,9,37
0.8714285714285713,Burnley,77.6857142857143,6.355714285714285, 27,4,0,7342,4,42,82,0.6,Matej Vydra,10,30
0.3714285714285714,Burnley,74.21428571428571,6.390000000000001, 32,1,0,5497,6,28,61,0.1285714285714286,Aaron Lennon,4,6
0.82,Burnley,67.96000000000001,6.914, 34,0,1,4876,19,3,23,1.5,Phil Bardsley,1,0
1.55,Burnley,70.99999999999999,6.79, 29,3,0,9945,11,24,100,1.3125,Johann Gudmundsson,28,13
0.8666666666666667,Burnley,85.36666666666667,6.73, 20,3,0,2628,2,3,19,0.6,Dwight McNeil,9,4
0.4666666666666666,Burnley,70.31666666666666,7.039999999999999, 27,12,1,9728,23,17,6,3.766666666666667,James Tarkowski,5,4
0.62,Burnley,70.8,7.066, 30,7,0,14254,29,0,0,4.08,Ben Mee,3,3
1.6800000000000002,Burnley,56.48,6.612, 30,4,1,7403,28,41,68,3.02,Ashley Barnes,4,32
0.3666666666666667,Burnley,73.03333333333333,6.905000000000001, 31,7,0,12988,26,3,79,1.6333333333333335,Erik Pieters,9,3
0.16,Burnley,72.64,6.886, 26,6,0,10218,12,9,72,1.5999999999999999,Charlie Taylor,8,1
0.18,Burnley,67.54,6.95, 30,5,0,10541,22,5,69,1.44,Matthew Lowton,9,1
2.183333333333333,Burnley,63.81666666666667,6.7700000000000005, 27,11,0,11857,8,19,123,3.0666666666666664,Chris Wood,12,66
0.0,Burnley,39.9,6.816666666666666, 27,0,0,6354,3,1,34,0.5333333333333333,Nick Pope,0,0
0.52,Burnley,80.70000000000002,6.7299999999999995, 30,1,0,12355,23,12,53,1.54,Jack Cork,5,4
0.6166666666666667,Burnley,78.76666666666667,6.54, 29,2,0,9866,23,19,98,0.4166666666666667,Ashley Westwood,12,4
0.9375,Burnley,78.07499999999999,6.46125, 27,3,1,10705,22,26,114,0.8375,Jeff Hendrick,6,11
1.3625,Burnley,68.275,6.752499999999999, 27,9,2,8087,13,25,70,0.5625,Robbie Brady,13,11
1.6500000000000001,Burnley,71.5,6.508333333333333, 30,7,1,8817,9,40,49,1.5166666666666666,Jay Rodriguez,9,37
0.8714285714285713,Burnley,77.6857142857143,6.355714285714285, 27,4,0,7342,4,42,82,0.6,Matej Vydra,10,30
0.3714285714285714,Burnley,74.21428571428571,6.390000000000001, 32,1,0,5497,6,28,61,0.1285714285714286,Aaron Lennon,4,6
0.7,Sheffield United,78.9,7.1175, 27,5,1,10859,18,1,32,4.1,John Egan,3,7
1.0142857142857145,Sheffield United,81.35714285714286,6.995714285714286, 28,13,0,12956,32,34,38,1.0857142857142856,Oliver Norwood,22,11
0.39999999999999997,Sheffield United,74.0,6.9025, 29,2,0,9246,18,2,1,1.25,Enda Stevens,12,5
0.9333333333333332,Sheffield United,82.46666666666667,6.669999999999999, 25,1,0,3417,6,20,26,0.7666666666666666,John Lundstram,5,6
1.3333333333333333,Sheffield United,80.23333333333333,7.073333333333333, 28,2,1,8473,24,0,0,0.6,John Fleck,17,5
0.3666666666666667,Sheffield United,71.96666666666665,6.97, 31,12,1,8328,21,3,83,3.033333333333333,Chris Basham,2,6
0.55,Sheffield United,75.35,6.782500000000001, 26,1,0,7388,13,5,56,1.0,George Baldock,4,3
2.3600000000000003,Sheffield United,73.67999999999999,6.840000000000001, 31,4,0,9062,11,34,96,2.0,David McGoldrick,13,30
0.95,Sheffield United,65.675,6.32, 23,1,0,1552,2,56,11,0.55,Lys Mousset,3,6
0.03333333333333333,Sheffield United,50.20000000000001,6.566666666666666, 22,0,0,5490,2,0,61,0.6,Dean Henderson,1,0
1.0,Sheffield United,72.06666666666666,6.558333333333333, 23,9,0,5676,9,26,60,2.2166666666666663,Oliver McBurnie,5,32
0.5714285714285714,Sheffield United,89.44285714285714,6.764285714285714, 27,2,1,4833,12,16,39,0.7714285714285715,Muhamed Besic,6,3
1.633333333333333,Sheffield United,77.41666666666667,6.958333333333333, 27,8,2,13366,23,19,107,0.5333333333333333,Luke Freeman,28,17
0.38333333333333336,Sheffield United,76.95,6.870000000000001, 37,4,2,6626,6,10,52,2.35,Phil Jagielka,2,4
1.6428571428571428,Sheffield United,74.35714285714286,6.509999999999999, 24,7,0,8992,8,41,103,0.3285714285714286,Callum Robinson,14,32
0.82,Sheffield United,71.6,6.726000000000001, 25,4,0,13422,16,21,148,0.62,Ben Osborn,22,12
1.2666666666666666,Sheffield United,73.89999999999999,6.576666666666667, 33,7,1,5567,7,19,62,0.9333333333333332,Billy Sharp,8,37
0.425,Sheffield United,89.275,6.1175, 26,0,0,285,0,10,2,0.075,Ravel Morrison,0,0
1.475,Sheffield United,72.4,6.5125, 34,6,1,5116,6,23,56,2.3499999999999996,Leon Clarke,10,25
0.7,Sheffield United,78.9,7.1175, 27,5,1,10859,18,1,32,4.1,John Egan,3,7
1.0142857142857145,Sheffield United,81.35714285714286,6.995714285714286, 28,13,0,12956,32,34,38,1.0857142857142856,Oliver Norwood,22,11
0.39999999999999997,Sheffield United,74.0,6.9025, 29,2,0,9246,18,2,1,1.25,Enda Stevens,12,5
0.9333333333333332,Sheffield United,82.46666666666667,6.669999999999999, 25,1,0,3417,6,20,26,0.7666666666666666,John Lundstram,5,6
1.3333333333333333,Sheffield United,80.23333333333333,7.073333333333333, 28,2,1,8473,24,0,0,0.6,John Fleck,17,5
0.3666666666666667,Sheffield United,71.96666666666665,6.97, 31,12,1,8328,21,3,83,3.033333333333333,Chris Basham,2,6
0.55,Sheffield United,75.35,6.782500000000001, 26,1,0,7388,13,5,56,1.0,George Baldock,4,3
2.3600000000000003,Sheffield United,73.67999999999999,6.840000000000001, 31,4,0,9062,11,34,96,2.0,David McGoldrick,13,30
0.95,Sheffield United,65.675,6.32, 23,1,0,1552,2,56,11,0.55,Lys Mousset,3,6
0.03333333333333333,Sheffield United,50.20000000000001,6.566666666666666, 22,0,0,5490,2,0,61,0.6,Dean Henderson,1,0
1.0,Sheffield United,72.06666666666666,6.558333333333333, 23,9,0,5676,9,26,60,2.2166666666666663,Oliver McBurnie,5,32
0.5714285714285714,Sheffield United,89.44285714285714,6.764285714285714, 27,2,1,4833,12,16,39,0.7714285714285715,Muhamed Besic,6,3
1.633333333333333,Sheffield United,77.41666666666667,6.958333333333333, 27,8,2,13366,23,19,107,0.5333333333333333,Luke Freeman,28,17
0.38333333333333336,Sheffield United,76.95,6.870000000000001, 37,4,2,6626,6,10,52,2.35,Phil Jagielka,2,4
1.6428571428571428,Sheffield United,74.35714285714286,6.509999999999999, 24,7,0,8992,8,41,103,0.3285714285714286,Callum Robinson,14,32
0.82,Sheffield United,71.6,6.726000000000001, 25,4,0,13422,16,21,148,0.62,Ben Osborn,22,12
1.2666666666666666,Sheffield United,73.89999999999999,6.576666666666667, 33,7,1,5567,7,19,62,0.9333333333333332,Billy Sharp,8,37
0.425,Sheffield United,89.275,6.1175, 26,0,0,285,0,10,2,0.075,Ravel Morrison,0,0
1.475,Sheffield United,72.4,6.5125, 34,6,1,5116,6,23,56,2.3499999999999996,Leon Clarke,10,25
2.1076923076923078,Manchester City,80.79230769230769,7.430769230769231, 28,30,0,13383,19,19,123,0.39230769230769236,Kevin De Bruyne,69,31
1.8699999999999999,Manchester City,79.36999999999999,7.325999999999999, 28,29,0,12968,9,26,135,0.5599999999999999,Riyad Mahrez,41,54
2.0846153846153843,Manchester City,82.35384615384615,7.278461538461538, 24,24,1,14761,24,27,126,0.43076923076923074,Raheem Sterling,41,76
1.1538461538461537,Manchester City,85.97692307692309,7.116153846153848, 25,14,0,13960,20,49,126,0.3153846153846154,Bernardo Silva,29,42
0.76,Manchester City,91.63,6.971000000000001, 23,9,0,9235,21,27,99,1.52,Rodrigo,6,6
3.2615384615384615,Manchester City,81.53076923076922,7.275384615384615, 31,26,1,13394,15,24,149,0.49999999999999994,Sergio Agüero,26,121
1.4583333333333333,Manchester City,86.30833333333334,7.175000000000001, 33,12,0,13185,18,15,123,0.39999999999999997,David Silva,47,30
2.1818181818181817,Manchester City,79.39090909090909,7.0663636363636355, 22,12,1,9411,28,54,94,1.0636363636363635,Gabriel Jesus,23,57
0.5000000000000001,Manchester City,87.30909090909091,7.008181818181819, 25,5,2,14003,33,2,59,2.518181818181818,Aymeric Laporte,5,10
0.7363636363636363,Manchester City,87.11818181818181,6.724545454545455, 22,1,0,5394,6,24,43,0.8363636363636363,Oleksandr Zinchenko,12,3
0.8750000000000001,Manchester City,82.2,7.187499999999999, 25,6,2,10364,25,28,109,0.7000000000000001,João Cancelo,17,5
0.8692307692307693,Manchester City,87.85384615384616,7.00076923076923, 34,7,4,15384,38,13,138,2.1000000000000005,Fernandinho,13,13
0.0,Manchester City,75.22222222222223,6.842222222222222, 26,3,1,12914,12,0,146,0.26666666666666666,Ederson,3,0
0.5916666666666667,Manchester City,82.025,6.978333333333334, 25,5,2,7205,21,10,59,0.775,Benjamin Mendy,18,1
0.5583333333333333,Manchester City,93.55,6.8933333333333335, 25,2,0,10927,8,16,106,1.8250000000000004,John Stones,0,6
0.4923076923076923,Manchester City,83.86923076923077,6.952307692307692, 29,3,1,15159,28,10,74,1.8153846153846158,Kyle Walker,18,3
0.66,Manchester City,76.28,7.016, 22,5,0,7884,8,6,12,0.6599999999999999,Angeliño,20,4
1.5916666666666666,Manchester City,90.42500000000001,6.968333333333334, 29,7,0,9508,14,37,95,0.38333333333333336,Ilkay Gündogan,12,20
0.7923076923076923,Manchester City,89.18461538461537,7.066923076923077, 31,11,1,14375,44,9,97,3.2769230769230764,Nicolás Otamendi,1,8
0.0,Manchester City,95.8,6.41, 18,0,0,27,0,1,0,0.0,Eric García,0,0
0.7857142857142857,Manchester City,88.55714285714285,6.535714285714286, 19,1,1,1017,0,25,9,0.15714285714285717,Phil Foden,2,4
0.0,Manchester City,84.97777777777777,6.24, 36,0,2,6272,0,2,2,0.23333333333333334,Claudio Bravo,0,0
2.1076923076923078,Manchester City,80.79230769230769,7.430769230769231, 28,30,0,13383,19,19,123,0.39230769230769236,Kevin De Bruyne,69,31
1.8699999999999999,Manchester City,79.36999999999999,7.325999999999999, 28,29,0,12968,9,26,135,0.5599999999999999,Riyad Mahrez,41,54
2.0846153846153843,Manchester City,82.35384615384615,7.278461538461538, 24,24,1,14761,24,27,126,0.43076923076923074,Raheem Sterling,41,76
1.1538461538461537,Manchester City,85.97692307692309,7.116153846153848, 25,14,0,13960,20,49,126,0.3153846153846154,Bernardo Silva,29,42
0.76,Manchester City,91.63,6.971000000000001, 23,9,0,9235,21,27,99,1.52,Rodrigo,6,6
3.2615384615384615,Manchester City,81.53076923076922,7.275384615384615, 31,26,1,13394,15,24,149,0.49999999999999994,Sergio Agüero,26,121
1.4583333333333333,Manchester City,86.30833333333334,7.175000000000001, 33,12,0,13185,18,15,123,0.39999999999999997,David Silva,47,30
2.1818181818181817,Manchester City,79.39090909090909,7.0663636363636355, 22,12,1,9411,28,54,94,1.0636363636363635,Gabriel Jesus,23,57
0.5000000000000001,Manchester City,87.30909090909091,7.008181818181819, 25,5,2,14003,33,2,59,2.518181818181818,Aymeric Laporte,5,10
0.7363636363636363,Manchester City,87.11818181818181,6.724545454545455, 22,1,0,5394,6,24,43,0.8363636363636363,Oleksandr Zinchenko,12,3
0.8750000000000001,Manchester City,82.2,7.187499999999999, 25,6,2,10364,25,28,109,0.7000000000000001,João Cancelo,17,5
0.8692307692307693,Manchester City,87.85384615384616,7.00076923076923, 34,7,4,15384,38,13,138,2.1000000000000005,Fernandinho,13,13
0.0,Manchester City,75.22222222222223,6.842222222222222, 26,3,1,12914,12,0,146,0.26666666666666666,Ederson,3,0
0.5916666666666667,Manchester City,82.025,6.978333333333334, 25,5,2,7205,21,10,59,0.775,Benjamin Mendy,18,1
0.5583333333333333,Manchester City,93.55,6.8933333333333335, 25,2,0,10927,8,16,106,1.8250000000000004,John Stones,0,6
0.4923076923076923,Manchester City,83.86923076923077,6.952307692307692, 29,3,1,15159,28,10,74,1.8153846153846158,Kyle Walker,18,3
0.66,Manchester City,76.28,7.016, 22,5,0,7884,8,6,12,0.6599999999999999,Angeliño,20,4
1.5916666666666666,Manchester City,90.42500000000001,6.968333333333334, 29,7,0,9508,14,37,95,0.38333333333333336,Ilkay Gündogan,12,20
0.7923076923076923,Manchester City,89.18461538461537,7.066923076923077, 31,11,1,14375,44,9,97,3.2769230769230764,Nicolás Otamendi,1,8
0.0,Manchester City,95.8,6.41, 18,0,0,27,0,1,0,0.0,Eric García,0,0
0.7857142857142857,Manchester City,88.55714285714285,6.535714285714286, 19,1,1,1017,0,25,9,0.15714285714285717,Phil Foden,2,4
0.0,Manchester City,84.97777777777777,6.24, 36,0,2,6272,0,2,2,0.23333333333333334,Claudio Bravo,0,0
0.0,Crystal Palace,51.800000000000004,6.738571428571428, 32,2,0,10216,3,1,17,0.21428571428571427,Wayne Hennessey,0,0
1.7166666666666668,Crystal Palace,79.16666666666667,7.1883333333333335, 27,16,1,12424,29,8,106,0.3166666666666667,Wilfried Zaha,20,30
0.76,Crystal Palace,80.12,6.806, 32,1,0,10641,23,15,113,1.22,James McArthur,13,15
1.1875,Crystal Palace,81.46249999999999,6.946250000000001, 28,5,0,9789,32,1,35,1.7999999999999998,Luka Milivojevic,4,26
1.8125,Crystal Palace,80.55,6.913750000000001, 28,11,2,10418,20,22,104,1.6625,Jordan Ayew,11,25
0.38,Crystal Palace,73.0,6.816, 30,2,0,9311,18,1,6,1.86,Joel Ward,3,3
0.74,Crystal Palace,76.20000000000002,6.792, 32,1,0,7177,14,9,44,3.0200000000000005,Scott Dann,3,9
0.13999999999999999,Crystal Palace,74.24,6.562, 29,0,0,6056,10,11,66,1.8400000000000003,Martin Kelly,3,0
1.3000000000000003,Crystal Palace,79.52857142857142,6.950000000000001, 28,8,0,10502,8,21,118,0.05714285714285715,Andros Townsend,18,16
0.0,Crystal Palace,44.150000000000006,6.702500000000001, 32,5,0,9045,6,0,0,0.475,Vicente Guaita,0,0
0.742857142857143,Crystal Palace,75.3,6.6499999999999995, 26,1,0,6789,10,35,75,1.6857142857142857,Jeffrey Schlupp,5,5
1.1333333333333335,Crystal Palace,79.28333333333332,6.8, 29,4,0,11933,15,7,53,0.36666666666666664,Patrick van Aanholt,7,19
0.7000000000000001,Crystal Palace,81.71249999999999,6.69875, 29,4,1,12214,18,15,62,2.2125,Cheikhou Kouyaté,7,8
0.6,Crystal Palace,89.49999999999999,6.804, 33,1,1,10056,13,10,92,2.7,Gary Cahill,1,9
1.6857142857142855,Crystal Palace,58.44285714285714,6.741428571428571, 28,13,0,8210,21,44,51,4.871428571428572,Christian Benteke,11,29
0.58,Crystal Palace,80.14000000000001,6.8260000000000005, 30,4,0,9247,23,4,73,2.46,James Tomkins,1,7
1.3874999999999997,Crystal Palace,83.575,6.664999999999998, 24,1,0,8579,18,40,96,0.23750000000000002,Max Meyer,12,9
0.26666666666666666,Crystal Palace,82.7,6.465000000000001, 29,1,1,3726,10,15,11,0.44999999999999996,James McCarthy,3,3
0.16666666666666666,Crystal Palace,85.93333333333334,6.831666666666667, 29,0,0,7573,5,4,50,2.2666666666666666,Mamadou Sakho,2,3
0.925,Crystal Palace,58.650000000000006,6.3475, 26,1,0,1814,2,18,19,1.7000000000000002,Connor Wickham,4,7
0.8,Crystal Palace,86.25999999999999,6.398000000000001, 25,0,0,8456,16,28,94,0.5,Víctor Camarasa,8,11
0.0,Crystal Palace,51.800000000000004,6.738571428571428, 32,2,0,10216,3,1,17,0.21428571428571427,Wayne Hennessey,0,0
1.7166666666666668,Crystal Palace,79.16666666666667,7.1883333333333335, 27,16,1,12424,29,8,106,0.3166666666666667,Wilfried Zaha,20,30
0.76,Crystal Palace,80.12,6.806, 32,1,0,10641,23,15,113,1.22,James McArthur,13,15
1.1875,Crystal Palace,81.46249999999999,6.946250000000001, 28,5,0,9789,32,1,35,1.7999999999999998,Luka Milivojevic,4,26
1.8125,Crystal Palace,80.55,6.913750000000001, 28,11,2,10418,20,22,104,1.6625,Jordan Ayew,11,25
0.38,Crystal Palace,73.0,6.816, 30,2,0,9311,18,1,6,1.86,Joel Ward,3,3
0.74,Crystal Palace,76.20000000000002,6.792, 32,1,0,7177,14,9,44,3.0200000000000005,Scott Dann,3,9
0.13999999999999999,Crystal Palace,74.24,6.562, 29,0,0,6056,10,11,66,1.8400000000000003,Martin Kelly,3,0
1.3000000000000003,Crystal Palace,79.52857142857142,6.950000000000001, 28,8,0,10502,8,21,118,0.05714285714285715,Andros Townsend,18,16
0.0,Crystal Palace,44.150000000000006,6.702500000000001, 32,5,0,9045,6,0,0,0.475,Vicente Guaita,0,0
0.742857142857143,Crystal Palace,75.3,6.6499999999999995, 26,1,0,6789,10,35,75,1.6857142857142857,Jeffrey Schlupp,5,5
1.1333333333333335,Crystal Palace,79.28333333333332,6.8, 29,4,0,11933,15,7,53,0.36666666666666664,Patrick van Aanholt,7,19
0.7000000000000001,Crystal Palace,81.71249999999999,6.69875, 29,4,1,12214,18,15,62,2.2125,Cheikhou Kouyaté,7,8
0.6,Crystal Palace,89.49999999999999,6.804, 33,1,1,10056,13,10,92,2.7,Gary Cahill,1,9
1.6857142857142855,Crystal Palace,58.44285714285714,6.741428571428571, 28,13,0,8210,21,44,51,4.871428571428572,Christian Benteke,11,29
0.58,Crystal Palace,80.14000000000001,6.8260000000000005, 30,4,0,9247,23,4,73,2.46,James Tomkins,1,7
1.3874999999999997,Crystal Palace,83.575,6.664999999999998, 24,1,0,8579,18,40,96,0.23750000000000002,Max Meyer,12,9
0.26666666666666666,Crystal Palace,82.7,6.465000000000001, 29,1,1,3726,10,15,11,0.44999999999999996,James McCarthy,3,3
0.16666666666666666,Crystal Palace,85.93333333333334,6.831666666666667, 29,0,0,7573,5,4,50,2.2666666666666666,Mamadou Sakho,2,3
0.925,Crystal Palace,58.650000000000006,6.3475, 26,1,0,1814,2,18,19,1.7000000000000002,Connor Wickham,4,7
0.8,Crystal Palace,86.25999999999999,6.398000000000001, 25,0,0,8456,16,28,94,0.5,Víctor Camarasa,8,11
0.9666666666666668,Southampton,78.73333333333333,7.083333333333333, 21,2,0,822,6,4,6,0.16666666666666666,Moussa Djenepo,0,5
1.3857142857142857,Southampton,82.24285714285713,6.837142857142856, 25,3,0,8670,18,43,82,1.0142857142857142,James Ward-Prowse,11,18
0.8999999999999999,Southampton,81.03750000000001,7.00625, 27,7,0,12493,13,6,32,3.3125,Jannik Vestergaard,1,11
1.5142857142857142,Southampton,64.55714285714285,6.409999999999999, 27,1,0,3313,2,19,40,0.5142857142857143,Danny Ings,5,15
1.2857142857142858,Southampton,80.84285714285714,6.821428571428571, 26,8,2,7351,23,49,79,0.37142857142857144,Sofiane Boufal,11,17
1.9000000000000001,Southampton,79.48571428571428,6.915714285714286, 25,14,1,11998,8,28,118,0.5142857142857143,Nathan Redmond,11,22
0.75,Southampton,82.81666666666668,6.824999999999999, 28,3,0,11250,43,19,47,1.9166666666666663,Oriol Romeu,0,4
0.45,Southampton,74.6,6.785000000000001, 28,2,0,10419,20,5,45,0.8500000000000002,Cédric Soares,11,1
1.6333333333333337,Southampton,86.58888888888889,6.851111111111111, 24,3,2,9055,24,26,65,1.1555555555555554,Pierre-Emile Højbjerg,5,4
0.2,Southampton,75.38,6.522, 25,2,1,5457,11,9,37,1.7,Jack Stephens,1,3
0.22000000000000003,Southampton,80.24000000000001,6.728, 23,4,0,4242,11,2,26,2.12,Jan Bednarek,1,2
0.0,Southampton,41.575,6.5424999999999995, 29,1,0,4680,3,0,0,0.55,Alex McCarthy,0,0
0.3,Southampton,57.7,6.49, 20,0,1,2259,4,3,20,2.05,Yan Valery,1,2
1.85,Southampton,68.275,6.63, 23,8,2,8362,9,32,93,0.875,Che Adams,9,34
0.8749999999999999,Southampton,62.074999999999996,6.489999999999999, 32,2,0,7150,16,61,66,2.65,Shane Long,8,20
0.0,Southampton,44.43333333333334,6.423333333333333, 23,1,0,6120,1,0,68,0.3333333333333333,Angus Gunn,0,0
0.42000000000000004,Southampton,75.28,6.558, 21,1,1,3519,5,11,29,1.7600000000000002,Kevin Danso,2,4
0.6285714285714284,Southampton,82.9857142857143,6.7700000000000005, 31,1,1,8110,5,12,39,2.5714285714285716,Maya Yoshida,1,4
0.5285714285714286,Southampton,80.72857142857143,6.747142857142857, 30,0,1,11359,22,1,6,1.3285714285714285,Ryan Bertrand,11,4
0.8333333333333334,Southampton,81.8,6.403333333333333, 27,0,0,2759,4,24,27,0.25,Stuart Armstrong,2,3
0.55,Southampton,68.075,6.0275, 19,0,0,203,1,11,1,0.0,Michael Obafemi,1,1
0.9666666666666668,Southampton,78.73333333333333,7.083333333333333, 21,2,0,822,6,4,6,0.16666666666666666,Moussa Djenepo,0,5
1.3857142857142857,Southampton,82.24285714285713,6.837142857142856, 25,3,0,8670,18,43,82,1.0142857142857142,James Ward-Prowse,11,18
0.8999999999999999,Southampton,81.03750000000001,7.00625, 27,7,0,12493,13,6,32,3.3125,Jannik Vestergaard,1,11
1.5142857142857142,Southampton,64.55714285714285,6.409999999999999, 27,1,0,3313,2,19,40,0.5142857142857143,Danny Ings,5,15
1.2857142857142858,Southampton,80.84285714285714,6.821428571428571, 26,8,2,7351,23,49,79,0.37142857142857144,Sofiane Boufal,11,17
1.9000000000000001,Southampton,79.48571428571428,6.915714285714286, 25,14,1,11998,8,28,118,0.5142857142857143,Nathan Redmond,11,22
0.75,Southampton,82.81666666666668,6.824999999999999, 28,3,0,11250,43,19,47,1.9166666666666663,Oriol Romeu,0,4
0.45,Southampton,74.6,6.785000000000001, 28,2,0,10419,20,5,45,0.8500000000000002,Cédric Soares,11,1
1.6333333333333337,Southampton,86.58888888888889,6.851111111111111, 24,3,2,9055,24,26,65,1.1555555555555554,Pierre-Emile Højbjerg,5,4
0.2,Southampton,75.38,6.522, 25,2,1,5457,11,9,37,1.7,Jack Stephens,1,3
0.22000000000000003,Southampton,80.24000000000001,6.728, 23,4,0,4242,11,2,26,2.12,Jan Bednarek,1,2
0.0,Southampton,41.575,6.5424999999999995, 29,1,0,4680,3,0,0,0.55,Alex McCarthy,0,0
0.3,Southampton,57.7,6.49, 20,0,1,2259,4,3,20,2.05,Yan Valery,1,2
1.85,Southampton,68.275,6.63, 23,8,2,8362,9,32,93,0.875,Che Adams,9,34
0.8749999999999999,Southampton,62.074999999999996,6.489999999999999, 32,2,0,7150,16,61,66,2.65,Shane Long,8,20
0.0,Southampton,44.43333333333334,6.423333333333333, 23,1,0,6120,1,0,68,0.3333333333333333,Angus Gunn,0,0
0.42000000000000004,Southampton,75.28,6.558, 21,1,1,3519,5,11,29,1.7600000000000002,Kevin Danso,2,4
0.6285714285714284,Southampton,82.9857142857143,6.7700000000000005, 31,1,1,8110,5,12,39,2.5714285714285716,Maya Yoshida,1,4
0.5285714285714286,Southampton,80.72857142857143,6.747142857142857, 30,0,1,11359,22,1,6,1.3285714285714285,Ryan Bertrand,11,4
0.8333333333333334,Southampton,81.8,6.403333333333333, 27,0,0,2759,4,24,27,0.25,Stuart Armstrong,2,3
0.55,Southampton,68.075,6.0275, 19,0,0,203,1,11,1,0.0,Michael Obafemi,1,1
2.2333333333333334,West Ham,66.2,7.411666666666666, 25,24,1,12714,13,12,58,5.8500000000000005,Sébastien Haller,27,67
1.6285714285714286,West Ham,75.67142857142858,7.348571428571428, 26,22,0,10895,11,34,72,0.24285714285714285,Felipe Anderson,30,29
0.2857142857142857,West Ham,80.84285714285714,7.054285714285713, 26,6,1,5780,11,12,51,2.085714285714286,Arthur Masuaku,6,0
0.2833333333333333,West Ham,81.21666666666665,6.773333333333333, 31,0,0,9645,14,5,47,2.5833333333333335,Angelo Ogbonna,1,2
1.56,West Ham,88.16000000000001,6.997999999999999, 26,9,0,8107,18,17,92,0.16,Manuel Lanzini,13,20
0.27999999999999997,West Ham,90.17999999999999,6.63, 20,3,0,5616,7,12,15,1.02,Declan Rice,0,2
1.6125,West Ham,81.9,6.718750000000001, 30,3,0,4114,3,14,30,0.36250000000000004,Andriy Yarmolenko,6,13
0.0,West Ham,58.9375,6.88, 34,8,0,14764,3,0,0,0.36250000000000004,Lukasz Fabianski,1,0
1.3499999999999999,West Ham,79.86666666666667,6.951666666666665, 32,16,0,10510,26,27,118,1.05,Robert Snodgrass,31,22
0.4,West Ham,79.67999999999999,6.814, 22,2,2,11700,29,0,130,2.0,Issa Diop,2,7
0.2833333333333333,West Ham,74.93333333333332,6.663333333333334, 27,4,1,10772,39,19,75,0.8833333333333334,Ryan Fredericks,13,1
0.0,West Ham,52.7,6.548, 33,1,0,4623,1,2,8,0.26,Roberto Jiménez,0,0
0.7,West Ham,78.58,6.638000000000001, 29,1,1,10721,12,5,77,1.22,Aaron Cresswell,14,5
0.6799999999999999,West Ham,85.32000000000001,6.714, 32,4,2,11055,32,4,86,0.34,Mark Noble,9,20
2.433333333333333,West Ham,68.98333333333333,7.055, 29,7,1,8448,11,21,62,1.9833333333333332,Michail Antonio,12,28
1.9666666666666668,West Ham,75.36666666666667,6.785, 31,4,0,9218,14,38,79,0.875,Chicharito,8,54
0.22500000000000003,West Ham,79.275,6.734999999999999, 34,1,0,8810,20,18,55,1.1625,Pablo Zabaleta,5,1
0.75,West Ham,80.78333333333333,6.7250000000000005, 28,6,2,8625,19,1,4,3.033333333333333,Fabián Balbuena,3,6
1.6250000000000002,West Ham,80.77499999999999,6.805, 23,7,0,11247,16,38,119,0.5125,Pablo Fornals,22,18
0.4000000000000001,West Ham,85.86666666666667,6.437777777777778, 33,0,1,6059,18,31,61,0.9888888888888887,Carlos Sánchez,1,2
0.48749999999999993,West Ham,85.1625,6.6362499999999995, 27,2,0,4990,13,28,54,0.375,Jack Wilshere,8,2
0.5599999999999999,West Ham,85.02000000000001,6.18, 22,0,0,355,0,11,2,0.52,Albian Ajeti,0,1
2.2333333333333334,West Ham,66.2,7.411666666666666, 25,24,1,12714,13,12,58,5.8500000000000005,Sébastien Haller,27,67
1.6285714285714286,West Ham,75.67142857142858,7.348571428571428, 26,22,0,10895,11,34,72,0.24285714285714285,Felipe Anderson,30,29
0.2857142857142857,West Ham,80.84285714285714,7.054285714285713, 26,6,1,5780,11,12,51,2.085714285714286,Arthur Masuaku,6,0
0.2833333333333333,West Ham,81.21666666666665,6.773333333333333, 31,0,0,9645,14,5,47,2.5833333333333335,Angelo Ogbonna,1,2
1.56,West Ham,88.16000000000001,6.997999999999999, 26,9,0,8107,18,17,92,0.16,Manuel Lanzini,13,20
0.27999999999999997,West Ham,90.17999999999999,6.63, 20,3,0,5616,7,12,15,1.02,Declan Rice,0,2
1.6125,West Ham,81.9,6.718750000000001, 30,3,0,4114,3,14,30,0.36250000000000004,Andriy Yarmolenko,6,13
0.0,West Ham,58.9375,6.88, 34,8,0,14764,3,0,0,0.36250000000000004,Lukasz Fabianski,1,0
1.3499999999999999,West Ham,79.86666666666667,6.951666666666665, 32,16,0,10510,26,27,118,1.05,Robert Snodgrass,31,22
0.4,West Ham,79.67999999999999,6.814, 22,2,2,11700,29,0,130,2.0,Issa Diop,2,7
0.2833333333333333,West Ham,74.93333333333332,6.663333333333334, 27,4,1,10772,39,19,75,0.8833333333333334,Ryan Fredericks,13,1
0.0,West Ham,52.7,6.548, 33,1,0,4623,1,2,8,0.26,Roberto Jiménez,0,0
0.7,West Ham,78.58,6.638000000000001, 29,1,1,10721,12,5,77,1.22,Aaron Cresswell,14,5
0.6799999999999999,West Ham,85.32000000000001,6.714, 32,4,2,11055,32,4,86,0.34,Mark Noble,9,20
2.433333333333333,West Ham,68.98333333333333,7.055, 29,7,1,8448,11,21,62,1.9833333333333332,Michail Antonio,12,28
1.9666666666666668,West Ham,75.36666666666667,6.785, 31,4,0,9218,14,38,79,0.875,Chicharito,8,54
0.22500000000000003,West Ham,79.275,6.734999999999999, 34,1,0,8810,20,18,55,1.1625,Pablo Zabaleta,5,1
0.75,West Ham,80.78333333333333,6.7250000000000005, 28,6,2,8625,19,1,4,3.033333333333333,Fabián Balbuena,3,6
1.6250000000000002,West Ham,80.77499999999999,6.805, 23,7,0,11247,16,38,119,0.5125,Pablo Fornals,22,18
0.4000000000000001,West Ham,85.86666666666667,6.437777777777778, 33,0,1,6059,18,31,61,0.9888888888888887,Carlos Sánchez,1,2
0.48749999999999993,West Ham,85.1625,6.6362499999999995, 27,2,0,4990,13,28,54,0.375,Jack Wilshere,8,2
0.5599999999999999,West Ham,85.02000000000001,6.18, 22,0,0,355,0,11,2,0.52,Albian Ajeti,0,1
0.6142857142857144,Newcastle United,74.47142857142856,6.752857142857143, 30,2,0,7799,16,5,44,2.642857142857143,Ciaran Clark,3,11
0.7000000000000001,Newcastle United,77.33749999999999,6.87875, 25,4,2,7165,12,32,74,0.5625,Jetro Willems,12,5
0.8374999999999999,Newcastle United,79.9125,6.98625, 27,8,0,8171,36,9,45,1.9874999999999998,Fabian Schär,5,9
1.4142857142857144,Newcastle United,73.5142857142857,6.918571428571428, 22,7,1,9065,6,26,62,0.48571428571428577,Allan Saint-Maximin,13,15
1.7000000000000002,Newcastle United,76.05000000000001,6.866666666666667, 27,4,3,9343,21,22,104,0.6,Jonjo Shelvey,17,10
0.35000000000000003,Newcastle United,77.3,6.823333333333333, 30,3,0,9854,19,5,20,2.25,Federico Fernández,6,3
1.72,Newcastle United,75.06,6.9159999999999995, 30,4,0,12548,31,10,140,0.8400000000000001,Matt Ritchie,26,21
0.8400000000000001,Newcastle United,80.38000000000001,6.868, 24,6,2,7198,24,29,73,2.02,Isaac Hayden,8,5
2.0,Newcastle United,72.8,6.811666666666667, 23,2,0,4289,12,7,38,1.8833333333333335,Joelinton,9,12
0.36,Newcastle United,80.0,6.858, 26,9,1,11502,17,11,83,3.04,Jamaal Lascelles,2,9
0.7,Newcastle United,76.5,6.66, 19,1,0,270,0,0,3,1.0,Matthew Longstaff,0,1
0.24,Newcastle United,72.8,6.76, 26,1,1,9517,17,13,106,1.16,DeAndre Yedlin,10,3
0.0,Newcastle United,58.459999999999994,6.622, 30,1,0,6390,1,0,71,0.38,Martin Dubravka,0,0
0.18333333333333332,Newcastle United,72.98333333333333,6.7250000000000005, 28,1,1,10165,16,10,92,2.483333333333333,Paul Dummett,0,1
0.15,Newcastle United,74.8,6.6866666666666665, 25,0,0,7440,9,15,52,1.1500000000000001,Javier Manquillo,6,1
0.9,Newcastle United,79.30000000000001,6.6899999999999995, 22,0,1,1303,3,2,15,1.0,Sean Longstaff,1,1
1.1428571428571428,Newcastle United,81.38571428571427,6.637142857142857, 27,2,0,6319,6,54,56,0.41428571428571426,Christian Atsu,8,12
2.1166666666666667,Newcastle United,79.58333333333333,6.938333333333333, 25,15,0,8781,11,6,47,0.25,Miguel Almirón,22,22
0.6833333333333335,Newcastle United,89.43333333333334,6.621666666666666, 30,1,0,6628,11,27,70,0.9333333333333332,Ki Sung-yueng,5,4
1.5,Newcastle United,60.92,6.7219999999999995, 30,6,1,4051,12,41,38,4.92,Andy Carroll,3,19
0.17142857142857143,Newcastle United,70.74285714285715,6.28, 25,0,2,6235,5,19,67,0.5714285714285714,Emil Krafth,1,1
1.64,Newcastle United,79.34,6.630000000000001, 29,13,2,7820,9,34,91,1.0,Dwight Gayle,7,56
1.157142857142857,Newcastle United,72.2,6.601428571428571, 27,3,0,5280,8,34,54,1.5857142857142859,Yoshinori Muto,4,22
0.6142857142857144,Newcastle United,74.47142857142856,6.752857142857143, 30,2,0,7799,16,5,44,2.642857142857143,Ciaran Clark,3,11
0.7000000000000001,Newcastle United,77.33749999999999,6.87875, 25,4,2,7165,12,32,74,0.5625,Jetro Willems,12,5
0.8374999999999999,Newcastle United,79.9125,6.98625, 27,8,0,8171,36,9,45,1.9874999999999998,Fabian Schär,5,9
1.4142857142857144,Newcastle United,73.5142857142857,6.918571428571428, 22,7,1,9065,6,26,62,0.48571428571428577,Allan Saint-Maximin,13,15
1.7000000000000002,Newcastle United,76.05000000000001,6.866666666666667, 27,4,3,9343,21,22,104,0.6,Jonjo Shelvey,17,10
0.35000000000000003,Newcastle United,77.3,6.823333333333333, 30,3,0,9854,19,5,20,2.25,Federico Fernández,6,3
1.72,Newcastle United,75.06,6.9159999999999995, 30,4,0,12548,31,10,140,0.8400000000000001,Matt Ritchie,26,21
0.8400000000000001,Newcastle United,80.38000000000001,6.868, 24,6,2,7198,24,29,73,2.02,Isaac Hayden,8,5
2.0,Newcastle United,72.8,6.811666666666667, 23,2,0,4289,12,7,38,1.8833333333333335,Joelinton,9,12
0.36,Newcastle United,80.0,6.858, 26,9,1,11502,17,11,83,3.04,Jamaal Lascelles,2,9
0.7,Newcastle United,76.5,6.66, 19,1,0,270,0,0,3,1.0,Matthew Longstaff,0,1
0.24,Newcastle United,72.8,6.76, 26,1,1,9517,17,13,106,1.16,DeAndre Yedlin,10,3
0.0,Newcastle United,58.459999999999994,6.622, 30,1,0,6390,1,0,71,0.38,Martin Dubravka,0,0
0.18333333333333332,Newcastle United,72.98333333333333,6.7250000000000005, 28,1,1,10165,16,10,92,2.483333333333333,Paul Dummett,0,1
0.15,Newcastle United,74.8,6.6866666666666665, 25,0,0,7440,9,15,52,1.1500000000000001,Javier Manquillo,6,1
0.9,Newcastle United,79.30000000000001,6.6899999999999995, 22,0,1,1303,3,2,15,1.0,Sean Longstaff,1,1
1.1428571428571428,Newcastle United,81.38571428571427,6.637142857142857, 27,2,0,6319,6,54,56,0.41428571428571426,Christian Atsu,8,12
2.1166666666666667,Newcastle United,79.58333333333333,6.938333333333333, 25,15,0,8781,11,6,47,0.25,Miguel Almirón,22,22
0.6833333333333335,Newcastle United,89.43333333333334,6.621666666666666, 30,1,0,6628,11,27,70,0.9333333333333332,Ki Sung-yueng,5,4
1.5,Newcastle United,60.92,6.7219999999999995, 30,6,1,4051,12,41,38,4.92,Andy Carroll,3,19
0.17142857142857143,Newcastle United,70.74285714285715,6.28, 25,0,2,6235,5,19,67,0.5714285714285714,Emil Krafth,1,1
1.64,Newcastle United,79.34,6.630000000000001, 29,13,2,7820,9,34,91,1.0,Dwight Gayle,7,56
1.157142857142857,Newcastle United,72.2,6.601428571428571, 27,3,0,5280,8,34,54,1.5857142857142859,Yoshinori Muto,4,22
1.2999999999999998,Norwich,80.56666666666666,6.976666666666667, 22,7,2,4648,12,14,41,0.5333333333333333,Emiliano Buendía,16,9
0.0,Norwich,58.9,6.484, 31,2,0,7590,5,0,0,0.34,Tim Krul,0,0
3.1999999999999997,Norwich,73.33333333333333,6.9433333333333325, 29,7,0,5357,5,0,0,0.13333333333333333,Teemu Pukki,11,38
0.4333333333333333,Norwich,71.88333333333333,6.69, 26,1,1,3968,20,18,35,1.6666666666666667,Sam Byram,2,3
0.9,Norwich,82.5,6.88, 27,2,0,2176,3,7,24,2.35,Kenny McLean,6,4
0.6499999999999999,Norwich,89.3,6.8025, 26,4,1,5830,12,14,67,2.225,Tom Trybull,0,4
1.3,Norwich,72.49999999999999,6.7379999999999995, 26,2,0,7687,8,26,82,0.26,Onel Hernández,16,15
0.30000000000000004,Norwich,77.625,6.4925, 21,1,0,6826,11,3,19,0.7749999999999999,Jamal Lewis,4,0
0.4166666666666667,Norwich,86.98333333333333,6.6499999999999995, 26,5,0,8575,13,20,67,1.5166666666666666,Ibrahim Amadou,1,2
0.7125,Norwich,84.89999999999999,6.406250000000001, 26,1,0,3918,8,30,40,0.25,Moritz Leitner,2,2
1.15,Norwich,81.6,6.555, 21,2,0,2448,4,8,28,0.45,Todd Cantwell,4,3
0.3666666666666667,Norwich,67.2,6.4799999999999995, 21,0,0,3442,4,7,26,1.4000000000000001,Ben Godfrey,2,4
0.66,Norwich,77.6,6.794, 28,6,1,7755,15,12,39,3.16,Grant Hanley,3,5
1.3800000000000001,Norwich,71.62,6.93, 28,12,0,10517,31,14,94,1.6400000000000001,Marco Stiepermann,11,16
0.62,Norwich,85.14,6.634, 33,2,0,9634,33,9,86,1.48,Alexander Tettey,1,3
0.0,Norwich,45.96666666666667,6.646666666666666, 35,0,0,2273,0,2,20,0.2333333333333333,Michael McGovern,0,0
0.6,Norwich,82.9,6.6, 19,1,0,4565,11,0,51,0.35,Max Aarons,6,2
0.4,Norwich,81.16,6.3180000000000005, 22,0,0,1092,1,21,8,0.02,Patrick Roberts,0,2
0.6,Norwich,69.23333333333333,6.223333333333334, 25,0,0,768,2,27,7,0.5333333333333333,Dennis Srbeny,1,2
0.0,Norwich,63.550000000000004,6.645, 31,7,0,12907,6,1,16,0.325,Ralf Fährmann,0,0
1.0,Norwich,73.8,6.337000000000001, 27,0,0,2355,4,49,19,1.15,Josip Drmic,3,10
1.02,Norwich,74.86,6.640000000000001, 30,4,1,6689,15,46,73,1.04,Mario Vrancic,12,17
0.2333333333333333,Norwich,84.43333333333334,6.446666666666668, 26,0,0,6355,16,10,69,1.3,Christoph Zimmermann,4,3
1.2999999999999998,Norwich,80.56666666666666,6.976666666666667, 22,7,2,4648,12,14,41,0.5333333333333333,Emiliano Buendía,16,9
0.0,Norwich,58.9,6.484, 31,2,0,7590,5,0,0,0.34,Tim Krul,0,0
3.1999999999999997,Norwich,73.33333333333333,6.9433333333333325, 29,7,0,5357,5,0,0,0.13333333333333333,Teemu Pukki,11,38
0.4333333333333333,Norwich,71.88333333333333,6.69, 26,1,1,3968,20,18,35,1.6666666666666667,Sam Byram,2,3
0.9,Norwich,82.5,6.88, 27,2,0,2176,3,7,24,2.35,Kenny McLean,6,4
0.6499999999999999,Norwich,89.3,6.8025, 26,4,1,5830,12,14,67,2.225,Tom Trybull,0,4
1.3,Norwich,72.49999999999999,6.7379999999999995, 26,2,0,7687,8,26,82,0.26,Onel Hernández,16,15
0.30000000000000004,Norwich,77.625,6.4925, 21,1,0,6826,11,3,19,0.7749999999999999,Jamal Lewis,4,0
0.4166666666666667,Norwich,86.98333333333333,6.6499999999999995, 26,5,0,8575,13,20,67,1.5166666666666666,Ibrahim Amadou,1,2
0.7125,Norwich,84.89999999999999,6.406250000000001, 26,1,0,3918,8,30,40,0.25,Moritz Leitner,2,2
1.15,Norwich,81.6,6.555, 21,2,0,2448,4,8,28,0.45,Todd Cantwell,4,3
0.3666666666666667,Norwich,67.2,6.4799999999999995, 21,0,0,3442,4,7,26,1.4000000000000001,Ben Godfrey,2,4
0.66,Norwich,77.6,6.794, 28,6,1,7755,15,12,39,3.16,Grant Hanley,3,5
1.3800000000000001,Norwich,71.62,6.93, 28,12,0,10517,31,14,94,1.6400000000000001,Marco Stiepermann,11,16
0.62,Norwich,85.14,6.634, 33,2,0,9634,33,9,86,1.48,Alexander Tettey,1,3
0.0,Norwich,45.96666666666667,6.646666666666666, 35,0,0,2273,0,2,20,0.2333333333333333,Michael McGovern,0,0
0.6,Norwich,82.9,6.6, 19,1,0,4565,11,0,51,0.35,Max Aarons,6,2
0.4,Norwich,81.16,6.3180000000000005, 22,0,0,1092,1,21,8,0.02,Patrick Roberts,0,2
0.6,Norwich,69.23333333333333,6.223333333333334, 25,0,0,768,2,27,7,0.5333333333333333,Dennis Srbeny,1,2
0.0,Norwich,63.550000000000004,6.645, 31,7,0,12907,6,1,16,0.325,Ralf Fährmann,0,0
1.0,Norwich,73.8,6.337000000000001, 27,0,0,2355,4,49,19,1.15,Josip Drmic,3,10
1.02,Norwich,74.86,6.640000000000001, 30,4,1,6689,15,46,73,1.04,Mario Vrancic,12,17
0.2333333333333333,Norwich,84.43333333333334,6.446666666666668, 26,0,0,6355,16,10,69,1.3,Christoph Zimmermann,4,3
2.066666666666667,Everton,68.45,6.873333333333334, 22,9,1,9426,17,20,84,1.916666666666667,Richarlison,9,31
0.46666666666666656,Everton,82.42222222222222,6.9444444444444455, 26,6,1,10129,18,12,89,1.9333333333333331,Lucas Digne,14,8
0.8428571428571429,Everton,84.97142857142858,7.2128571428571435, 25,5,0,5167,15,4,14,3.3999999999999995,Yerry Mina,3,10
0.5444444444444445,Everton,80.0111111111111,6.912222222222223, 27,8,0,11704,27,11,113,1.3888888888888888,Djibril Sidibé,19,9
0.65,Everton,75.85000000000001,6.776666666666666, 24,2,3,7859,9,8,83,1.8333333333333333,Jean-Philippe Gbamin,5,3
2.1888888888888887,Everton,78.41111111111111,7.0122222222222215, 30,14,0,13725,15,13,142,0.38888888888888895,Gylfi Sigurdsson,29,40
1.3272727272727272,Everton,83.16363636363636,6.616363636363636, 23,1,0,8569,2,48,98,0.10909090909090911,Alex Iwobi,19,16
0.7166666666666667,Everton,77.8,6.826666666666668, 26,7,0,13749,12,2,39,4.133333333333334,Michael Keane,5,8
0.6333333333333334,Everton,79.11666666666667,6.545000000000001, 21,1,0,5142,16,28,53,0.48333333333333334,Tom Davies,4,5
0.48571428571428565,Everton,76.94285714285715,6.804285714285714, 31,2,1,9506,11,1,27,1.1285714285714286,Séamus Coleman,11,7
0.7999999999999999,Everton,78.61666666666666,6.705000000000001, 27,1,0,4116,7,22,39,0.06666666666666667,Bernard,6,8
0.56,Everton,89.99000000000001,6.673, 30,2,1,5237,6,30,54,0.6900000000000001,Fabian Delph,3,4
0.35000000000000003,Everton,72.8,6.691666666666666, 23,2,0,5480,13,7,36,2.1999999999999997,Mason Holgate,7,1
1.1833333333333333,Everton,65.43333333333332,6.395, 22,2,0,4854,10,44,51,2.783333333333333,Dominic Calvert-Lewin,8,14
0.82,Everton,85.91999999999999,6.6579999999999995, 26,0,0,8527,29,45,95,0.76,André Gomes,7,9
1.7583333333333335,Everton,71.99166666666667,6.6675, 28,10,0,8198,15,68,78,1.3,Cenk Tosun,17,55
0.0,Everton,50.75555555555555,6.676666666666667, 25,8,1,14371,3,0,159,0.3888888888888889,Jordan Pickford,0,0
1.9333333333333336,Everton,74.4888888888889,6.862222222222223, 30,9,0,8029,6,48,86,0.3444444444444445,Theo Walcott,13,32
1.2285714285714289,Everton,72.11428571428571,6.392857142857144, 19,2,0,2155,7,30,20,0.37142857142857144,Moise Kean,1,11
0.42000000000000004,Everton,88.24000000000001,6.672, 30,1,3,7781,16,20,73,0.86,Morgan Schneiderlin,1,2
2.066666666666667,Everton,68.45,6.873333333333334, 22,9,1,9426,17,20,84,1.916666666666667,Richarlison,9,31
0.46666666666666656,Everton,82.42222222222222,6.9444444444444455, 26,6,1,10129,18,12,89,1.9333333333333331,Lucas Digne,14,8
0.8428571428571429,Everton,84.97142857142858,7.2128571428571435, 25,5,0,5167,15,4,14,3.3999999999999995,Yerry Mina,3,10
0.5444444444444445,Everton,80.0111111111111,6.912222222222223, 27,8,0,11704,27,11,113,1.3888888888888888,Djibril Sidibé,19,9
0.65,Everton,75.85000000000001,6.776666666666666, 24,2,3,7859,9,8,83,1.8333333333333333,Jean-Philippe Gbamin,5,3
2.1888888888888887,Everton,78.41111111111111,7.0122222222222215, 30,14,0,13725,15,13,142,0.38888888888888895,Gylfi Sigurdsson,29,40
1.3272727272727272,Everton,83.16363636363636,6.616363636363636, 23,1,0,8569,2,48,98,0.10909090909090911,Alex Iwobi,19,16
0.7166666666666667,Everton,77.8,6.826666666666668, 26,7,0,13749,12,2,39,4.133333333333334,Michael Keane,5,8
0.6333333333333334,Everton,79.11666666666667,6.545000000000001, 21,1,0,5142,16,28,53,0.48333333333333334,Tom Davies,4,5
0.48571428571428565,Everton,76.94285714285715,6.804285714285714, 31,2,1,9506,11,1,27,1.1285714285714286,Séamus Coleman,11,7
0.7999999999999999,Everton,78.61666666666666,6.705000000000001, 27,1,0,4116,7,22,39,0.06666666666666667,Bernard,6,8
0.56,Everton,89.99000000000001,6.673, 30,2,1,5237,6,30,54,0.6900000000000001,Fabian Delph,3,4
0.35000000000000003,Everton,72.8,6.691666666666666, 23,2,0,5480,13,7,36,2.1999999999999997,Mason Holgate,7,1
1.1833333333333333,Everton,65.43333333333332,6.395, 22,2,0,4854,10,44,51,2.783333333333333,Dominic Calvert-Lewin,8,14
0.82,Everton,85.91999999999999,6.6579999999999995, 26,0,0,8527,29,45,95,0.76,André Gomes,7,9
1.7583333333333335,Everton,71.99166666666667,6.6675, 28,10,0,8198,15,68,78,1.3,Cenk Tosun,17,55
0.0,Everton,50.75555555555555,6.676666666666667, 25,8,1,14371,3,0,159,0.3888888888888889,Jordan Pickford,0,0
1.9333333333333336,Everton,74.4888888888889,6.862222222222223, 30,9,0,8029,6,48,86,0.3444444444444445,Theo Walcott,13,32
1.2285714285714289,Everton,72.11428571428571,6.392857142857144, 19,2,0,2155,7,30,20,0.37142857142857144,Moise Kean,1,11
0.42000000000000004,Everton,88.24000000000001,6.672, 30,1,3,7781,16,20,73,0.86,Morgan Schneiderlin,1,2
2.2666666666666666,Aston Villa,81.33333333333334,7.433333333333334, 25,11,0,5024,15,1,42,0.7999999999999999,John McGinn,11,10
1.64,Aston Villa,85.03999999999999,7.05, 24,13,1,8735,20,26,51,0.42000000000000004,Jack Grealish,18,17
0.34285714285714286,Aston Villa,74.87142857142858,6.887142857142857, 24,6,2,11983,33,4,66,1.9857142857142855,Frederic Guilbert,7,2
0.45999999999999996,Aston Villa,84.84,6.997999999999999, 25,3,1,6558,10,1,4,0.6199999999999999,Marvelous Nakamba,3,2
1.8375,Aston Villa,78.4,6.767499999999999, 24,6,2,8333,12,35,95,1.0375,Anwar El Ghazi,17,25
0.3285714285714286,Aston Villa,75.47142857142858,6.99, 24,5,0,5170,6,5,46,1.2857142857142858,Matt Targett,7,3
1.65,Aston Villa,74.55000000000001,6.635, 22,2,0,1922,2,3,2,2.3,Wesley,1,7
1.4666666666666668,Aston Villa,81.58333333333333,6.846666666666667, 28,11,0,10889,28,19,95,0.7999999999999998,Conor Hourihane,28,27
2.1833333333333336,Aston Villa,80.8,6.9799999999999995, 25,14,2,7010,9,4,8,0.8666666666666667,Trézéguet,17,25
0.1666666666666667,Aston Villa,83.8,6.465, 26,0,1,3533,6,7,10,1.3999999999999997,Tyrone Mings,1,2
0.2,Aston Villa,79.06,6.460000000000001, 25,0,0,4456,7,1,0,2.58,Björn Engels,1,1
1.2999999999999998,Aston Villa,82.775,6.5575, 21,0,0,3319,15,25,23,0.7250000000000001,Douglas Luiz,0,3
0.03333333333333333,Aston Villa,89.93333333333334,6.45, 22,0,0,3899,4,2,1,1.1666666666666667,Ezri Konsa,0,1
1.85,Aston Villa,75.975,6.6625, 28,7,0,8401,10,30,91,0.23750000000000002,Jota,22,20
0.3571428571428572,Aston Villa,76.6,6.645714285714285, 30,0,1,11374,17,8,97,0.7714285714285714,Neil Taylor,5,1
0.02,Aston Villa,47.160000000000004,6.654000000000001, 33,5,0,10296,4,0,115,0.22000000000000003,Tom Heaton,0,0
0.0,Aston Villa,52.58,6.4079999999999995, 29,4,0,6414,0,2,11,0.24,Ørjan Nyland,0,0
0.3666666666666667,Aston Villa,77.78333333333333,6.805, 32,5,1,12856,8,32,137,2.033333333333333,Ahmed El Mohamady,21,7
0.0,Aston Villa,52.833333333333336,6.3933333333333335, 27,0,0,5049,1,1,18,0.3,Jed Steer,0,0
0.9249999999999999,Aston Villa,76.975,6.289999999999999, 21,0,0,1740,2,29,17,0.6000000000000001,Keinan Davis,1,2
1.1166666666666665,Aston Villa,78.35000000000001,6.735, 29,3,2,5989,18,13,66,0.8166666666666665,Henri Lansbury,11,12
2.014285714285714,Aston Villa,73.72857142857143,6.694285714285714, 30,11,1,10207,17,34,77,1.3571428571428572,Jonathan Kodjia,11,50
2.2666666666666666,Aston Villa,81.33333333333334,7.433333333333334, 25,11,0,5024,15,1,42,0.7999999999999999,John McGinn,11,10
1.64,Aston Villa,85.03999999999999,7.05, 24,13,1,8735,20,26,51,0.42000000000000004,Jack Grealish,18,17
0.34285714285714286,Aston Villa,74.87142857142858,6.887142857142857, 24,6,2,11983,33,4,66,1.9857142857142855,Frederic Guilbert,7,2
0.45999999999999996,Aston Villa,84.84,6.997999999999999, 25,3,1,6558,10,1,4,0.6199999999999999,Marvelous Nakamba,3,2
1.8375,Aston Villa,78.4,6.767499999999999, 24,6,2,8333,12,35,95,1.0375,Anwar El Ghazi,17,25
0.3285714285714286,Aston Villa,75.47142857142858,6.99, 24,5,0,5170,6,5,46,1.2857142857142858,Matt Targett,7,3
1.65,Aston Villa,74.55000000000001,6.635, 22,2,0,1922,2,3,2,2.3,Wesley,1,7
1.4666666666666668,Aston Villa,81.58333333333333,6.846666666666667, 28,11,0,10889,28,19,95,0.7999999999999998,Conor Hourihane,28,27
2.1833333333333336,Aston Villa,80.8,6.9799999999999995, 25,14,2,7010,9,4,8,0.8666666666666667,Trézéguet,17,25
0.1666666666666667,Aston Villa,83.8,6.465, 26,0,1,3533,6,7,10,1.3999999999999997,Tyrone Mings,1,2
0.2,Aston Villa,79.06,6.460000000000001, 25,0,0,4456,7,1,0,2.58,Björn Engels,1,1
1.2999999999999998,Aston Villa,82.775,6.5575, 21,0,0,3319,15,25,23,0.7250000000000001,Douglas Luiz,0,3
0.03333333333333333,Aston Villa,89.93333333333334,6.45, 22,0,0,3899,4,2,1,1.1666666666666667,Ezri Konsa,0,1
1.85,Aston Villa,75.975,6.6625, 28,7,0,8401,10,30,91,0.23750000000000002,Jota,22,20
0.3571428571428572,Aston Villa,76.6,6.645714285714285, 30,0,1,11374,17,8,97,0.7714285714285714,Neil Taylor,5,1
0.02,Aston Villa,47.160000000000004,6.654000000000001, 33,5,0,10296,4,0,115,0.22000000000000003,Tom Heaton,0,0
0.0,Aston Villa,52.58,6.4079999999999995, 29,4,0,6414,0,2,11,0.24,Ørjan Nyland,0,0
0.3666666666666667,Aston Villa,77.78333333333333,6.805, 32,5,1,12856,8,32,137,2.033333333333333,Ahmed El Mohamady,21,7
0.0,Aston Villa,52.833333333333336,6.3933333333333335, 27,0,0,5049,1,1,18,0.3,Jed Steer,0,0
0.9249999999999999,Aston Villa,76.975,6.289999999999999, 21,0,0,1740,2,29,17,0.6000000000000001,Keinan Davis,1,2
1.1166666666666665,Aston Villa,78.35000000000001,6.735, 29,3,2,5989,18,13,66,0.8166666666666665,Henri Lansbury,11,12
2.014285714285714,Aston Villa,73.72857142857143,6.694285714285714, 30,11,1,10207,17,34,77,1.3571428571428572,Jonathan Kodjia,11,50
0.39999999999999997,Wolverhampton Wanderers,85.15,7.095000000000001, 28,13,2,9088,6,2,11,2.8625000000000003,Willy Boly,3,8
0.6714285714285715,Wolverhampton Wanderers,77.89999999999999,6.892857142857144, 23,19,2,6082,6,56,62,0.6857142857142857,Adama Traoré,15,8
1.9400000000000002,Wolverhampton Wanderers,67.93,6.733, 28,7,0,7527,15,57,59,1.6600000000000001,Raúl Jiménez,18,39
0.5083333333333333,Wolverhampton Wanderers,83.64999999999999,6.828333333333334, 33,9,0,13120,16,32,140,0.6,João Moutinho,27,5
0.4125,Wolverhampton Wanderers,82.2,6.875, 25,8,2,13434,38,12,101,1.2,Jonny,9,5
0.6714285714285715,Wolverhampton Wanderers,73.97142857142856,6.944285714285713, 27,14,1,14533,13,13,112,2.871428571428571,Matt Doherty,16,15
1.8500000000000003,Wolverhampton Wanderers,80.9,6.686666666666667, 22,6,1,8611,26,25,99,0.48333333333333334,Diogo Jota,15,36
1.2899999999999998,Wolverhampton Wanderers,84.97,6.6930000000000005, 22,4,1,9519,30,15,60,0.43,Rúben Neves,6,13
0.0,Wolverhampton Wanderers,63.56666666666666,6.528333333333333, 31,3,1,14357,7,0,159,0.2333333333333333,Rui Patrício,0,0
0.25,Wolverhampton Wanderers,78.96666666666667,6.645, 29,2,0,10366,29,16,77,2.5666666666666664,Ryan Bennett,1,2
0.775,Wolverhampton Wanderers,80.01250000000002,7.042500000000001, 29,7,1,10718,44,18,76,2.5625,Romain Saïss,3,10
0.5714285714285714,Wolverhampton Wanderers,85.3142857142857,6.682857142857143, 24,2,0,4916,6,5,30,1.5857142857142856,Leander Dendoncker,0,3
0.475,Wolverhampton Wanderers,77.94999999999999,6.7975, 20,0,0,1703,2,13,17,0.575,Rúben Vinagre,1,1
0.18333333333333335,Wolverhampton Wanderers,82.96666666666667,6.598333333333333, 26,1,2,14920,23,9,68,1.0333333333333334,Conor Coady,6,1
1.6124999999999998,Wolverhampton Wanderers,64.9875,6.543749999999999, 21,2,0,4608,6,45,39,0.55,Patrick Cutrone,5,23
0.43333333333333335,Wolverhampton Wanderers,78.78333333333333,6.206666666666666, 19,0,0,1415,1,41,9,0.35000000000000003,Morgan Gibbs-White,1,0
0.6599999999999999,Wolverhampton Wanderers,88.1,6.214, 19,0,0,355,2,14,1,0.0,Pedro Neto,1,1
0.09999999999999999,Wolverhampton Wanderers,88.94285714285715,6.508571428571429, 22,0,1,3698,8,5,27,1.942857142857143,Jesús Vallejo,0,2
0.39999999999999997,Wolverhampton Wanderers,85.15,7.095000000000001, 28,13,2,9088,6,2,11,2.8625000000000003,Willy Boly,3,8
0.6714285714285715,Wolverhampton Wanderers,77.89999999999999,6.892857142857144, 23,19,2,6082,6,56,62,0.6857142857142857,Adama Traoré,15,8
1.9400000000000002,Wolverhampton Wanderers,67.93,6.733, 28,7,0,7527,15,57,59,1.6600000000000001,Raúl Jiménez,18,39
0.5083333333333333,Wolverhampton Wanderers,83.64999999999999,6.828333333333334, 33,9,0,13120,16,32,140,0.6,João Moutinho,27,5
0.4125,Wolverhampton Wanderers,82.2,6.875, 25,8,2,13434,38,12,101,1.2,Jonny,9,5
0.6714285714285715,Wolverhampton Wanderers,73.97142857142856,6.944285714285713, 27,14,1,14533,13,13,112,2.871428571428571,Matt Doherty,16,15
1.8500000000000003,Wolverhampton Wanderers,80.9,6.686666666666667, 22,6,1,8611,26,25,99,0.48333333333333334,Diogo Jota,15,36
1.2899999999999998,Wolverhampton Wanderers,84.97,6.6930000000000005, 22,4,1,9519,30,15,60,0.43,Rúben Neves,6,13
0.0,Wolverhampton Wanderers,63.56666666666666,6.528333333333333, 31,3,1,14357,7,0,159,0.2333333333333333,Rui Patrício,0,0
0.25,Wolverhampton Wanderers,78.96666666666667,6.645, 29,2,0,10366,29,16,77,2.5666666666666664,Ryan Bennett,1,2
0.775,Wolverhampton Wanderers,80.01250000000002,7.042500000000001, 29,7,1,10718,44,18,76,2.5625,Romain Saïss,3,10
0.5714285714285714,Wolverhampton Wanderers,85.3142857142857,6.682857142857143, 24,2,0,4916,6,5,30,1.5857142857142856,Leander Dendoncker,0,3
0.475,Wolverhampton Wanderers,77.94999999999999,6.7975, 20,0,0,1703,2,13,17,0.575,Rúben Vinagre,1,1
0.18333333333333335,Wolverhampton Wanderers,82.96666666666667,6.598333333333333, 26,1,2,14920,23,9,68,1.0333333333333334,Conor Coady,6,1
1.6124999999999998,Wolverhampton Wanderers,64.9875,6.543749999999999, 21,2,0,4608,6,45,39,0.55,Patrick Cutrone,5,23
0.43333333333333335,Wolverhampton Wanderers,78.78333333333333,6.206666666666666, 19,0,0,1415,1,41,9,0.35000000000000003,Morgan Gibbs-White,1,0
0.6599999999999999,Wolverhampton Wanderers,88.1,6.214, 19,0,0,355,2,14,1,0.0,Pedro Neto,1,1
0.09999999999999999,Wolverhampton Wanderers,88.94285714285715,6.508571428571429, 22,0,1,3698,8,5,27,1.942857142857143,Jesús Vallejo,0,2
2.0384615384615383,Manchester United,79.59230769230768,6.871538461538462, 22,9,1,10658,14,60,81,0.4923076923076923,Marcus Rashford,21,46
0.1,Manchester United,79.47999999999999,7.052, 21,3,1,4894,9,0,55,1.1400000000000001,Aaron Wan-Bissaka,3,0
0.7124999999999999,Manchester United,86.48750000000001,6.7, 22,2,0,3346,6,20,21,1.3,Scott McTominay,1,5
2.341666666666667,Manchester United,83.49166666666667,7.352499999999999, 26,32,2,15675,32,10,138,1.9916666666666665,Paul Pogba,42,40
1.4923076923076926,Manchester United,77.27692307692308,6.78076923076923, 23,10,0,10426,11,46,106,0.7538461538461539,Anthony Martial,23,45
0.9125000000000001,Manchester United,83.04999999999998,7.0512500000000005, 26,8,1,12378,26,12,48,3.8125,Harry Maguire,8,8
0.5599999999999999,Manchester United,86.7,6.989, 24,2,0,6014,19,5,17,1.5100000000000002,Luke Shaw,7,1
0.43333333333333335,Manchester United,75.51666666666667,6.978333333333333, 20,0,0,1996,5,8,18,2.066666666666667,Diogo Dalot,3,0
1.3666666666666665,Manchester United,80.60000000000001,6.71, 22,3,0,3586,5,7,40,0.43333333333333335,Daniel James,9,7
0.4727272727272727,Manchester United,80.15454545454546,6.838181818181817, 34,4,1,9675,32,24,95,0.5454545454545454,Ashley Young,13,5
0.8,Manchester United,78.04444444444445,6.348888888888889, 23,3,1,5648,23,33,64,0.30000000000000004,Andreas Pereira,8,8
1.2624999999999997,Manchester United,86.925,6.7575, 26,3,1,4082,11,8,23,0.225,Fred,5,3
0.23076923076923078,Manchester United,86.93846153846152,6.715384615384616, 25,1,0,11388,9,6,46,1.5769230769230769,Victor Lindelöf,1,3
0.0,Manchester United,66.53571428571428,6.63857142857143, 29,5,0,17580,3,0,0,0.13571428571428573,David de Gea,0,0
0.5454545454545454,Manchester United,86.8909090909091,7.024545454545455, 31,2,2,12960,28,15,107,1.5818181818181818,Nemanja Matic,10,5
0.15,Manchester United,86.25,6.91, 19,0,0,280,1,2,1,1.15,Brandon Williams,0,0
1.592857142857143,Manchester United,88.1285714285714,6.647142857142858, 26,4,0,9725,23,55,103,0.22142857142857145,Jesse Lingard,14,22
0.9818181818181819,Manchester United,87.32727272727274,6.690909090909089, 31,4,1,10418,14,32,119,0.045454545454545456,Juan Mata,20,22
0.6923076923076923,Manchester United,80.83846153846153,6.738461538461537, 29,1,0,6397,21,14,57,1.7538461538461538,Marcos Rojo,2,3
1.25,Manchester United,64.875,6.51, 18,0,0,490,0,12,1,0.025,Mason Greenwood,1,2
0.1142857142857143,Manchester United,73.05714285714285,6.66857142857143, 22,1,0,3291,0,5,33,2.4428571428571426,Axel Tuanzebe,1,0
0.25,Manchester United,73.9,6.112500000000001, 19,0,0,139,0,5,0,0.25,Tahith Chong,0,0
0.16666666666666666,Manchester United,61.26666666666667,6.1499999999999995, 18,0,0,118,0,3,1,0.16666666666666666,James Garner,0,0
0.625,Manchester United,89.5,6.22, 19,0,0,194,0,4,0,0.125,Angel Gomes,0,0
2.0384615384615383,Manchester United,79.59230769230768,6.871538461538462, 22,9,1,10658,14,60,81,0.4923076923076923,Marcus Rashford,21,46
0.1,Manchester United,79.47999999999999,7.052, 21,3,1,4894,9,0,55,1.1400000000000001,Aaron Wan-Bissaka,3,0
0.7124999999999999,Manchester United,86.48750000000001,6.7, 22,2,0,3346,6,20,21,1.3,Scott McTominay,1,5
2.341666666666667,Manchester United,83.49166666666667,7.352499999999999, 26,32,2,15675,32,10,138,1.9916666666666665,Paul Pogba,42,40
1.4923076923076926,Manchester United,77.27692307692308,6.78076923076923, 23,10,0,10426,11,46,106,0.7538461538461539,Anthony Martial,23,45
0.9125000000000001,Manchester United,83.04999999999998,7.0512500000000005, 26,8,1,12378,26,12,48,3.8125,Harry Maguire,8,8
0.5599999999999999,Manchester United,86.7,6.989, 24,2,0,6014,19,5,17,1.5100000000000002,Luke Shaw,7,1
0.43333333333333335,Manchester United,75.51666666666667,6.978333333333333, 20,0,0,1996,5,8,18,2.066666666666667,Diogo Dalot,3,0
1.3666666666666665,Manchester United,80.60000000000001,6.71, 22,3,0,3586,5,7,40,0.43333333333333335,Daniel James,9,7
0.4727272727272727,Manchester United,80.15454545454546,6.838181818181817, 34,4,1,9675,32,24,95,0.5454545454545454,Ashley Young,13,5
0.8,Manchester United,78.04444444444445,6.348888888888889, 23,3,1,5648,23,33,64,0.30000000000000004,Andreas Pereira,8,8
1.2624999999999997,Manchester United,86.925,6.7575, 26,3,1,4082,11,8,23,0.225,Fred,5,3
0.23076923076923078,Manchester United,86.93846153846152,6.715384615384616, 25,1,0,11388,9,6,46,1.5769230769230769,Victor Lindelöf,1,3
0.0,Manchester United,66.53571428571428,6.63857142857143, 29,5,0,17580,3,0,0,0.13571428571428573,David de Gea,0,0
0.5454545454545454,Manchester United,86.8909090909091,7.024545454545455, 31,2,2,12960,28,15,107,1.5818181818181818,Nemanja Matic,10,5
0.15,Manchester United,86.25,6.91, 19,0,0,280,1,2,1,1.15,Brandon Williams,0,0
1.592857142857143,Manchester United,88.1285714285714,6.647142857142858, 26,4,0,9725,23,55,103,0.22142857142857145,Jesse Lingard,14,22
0.9818181818181819,Manchester United,87.32727272727274,6.690909090909089, 31,4,1,10418,14,32,119,0.045454545454545456,Juan Mata,20,22
0.6923076923076923,Manchester United,80.83846153846153,6.738461538461537, 29,1,0,6397,21,14,57,1.7538461538461538,Marcos Rojo,2,3
1.25,Manchester United,64.875,6.51, 18,0,0,490,0,12,1,0.025,Mason Greenwood,1,2
0.1142857142857143,Manchester United,73.05714285714285,6.66857142857143, 22,1,0,3291,0,5,33,2.4428571428571426,Axel Tuanzebe,1,0
0.25,Manchester United,73.9,6.112500000000001, 19,0,0,139,0,5,0,0.25,Tahith Chong,0,0
0.16666666666666666,Manchester United,61.26666666666667,6.1499999999999995, 18,0,0,118,0,3,1,0.16666666666666666,James Garner,0,0
0.625,Manchester United,89.5,6.22, 19,0,0,194,0,4,0,0.125,Angel Gomes,0,0
2.2857142857142856,Chelsea,70.3,6.812857142857143, 22,14,0,10007,8,22,67,2.0714285714285716,Tammy Abraham,10,66
1.1363636363636365,Chelsea,77.98181818181818,6.931818181818182, 21,6,0,7470,6,50,79,0.6454545454545454,Christian Pulisic,21,20
1.491666666666667,Chelsea,81.00833333333333,7.239166666666666, 31,23,0,12113,14,59,116,0.34166666666666673,Willian,35,37
1.4545454545454546,Chelsea,82.85454545454546,7.197272727272727, 28,10,0,13326,28,9,67,2.4181818181818184,Marcos Alonso,17,21
2.0833333333333335,Chelsea,80.08333333333333,6.864999999999999, 20,9,0,7555,12,11,30,0.25,Mason Mount,16,27
0.6083333333333334,Chelsea,90.125,7.000833333333335, 27,4,1,13910,36,8,41,0.36666666666666664,Jorginho,15,9
0.34285714285714286,Chelsea,83.54285714285716,6.67, 21,2,0,7986,15,11,71,1.7428571428571427,Fikayo Tomori,4,2
0.6000000000000001,Chelsea,87.8888888888889,6.752222222222222, 25,1,0,5068,5,17,38,0.6333333333333333,Emerson,4,2
0.3090909090909091,Chelsea,85.49090909090908,6.912727272727272, 30,7,0,16849,20,5,43,1.6272727272727272,César Azpilicueta,20,8
1.7,Chelsea,84.65,6.7219999999999995, 32,8,0,9465,14,51,106,0.15,Pedro,20,34
0.5,Chelsea,82.5,6.864285714285715, 25,4,1,9380,7,16,99,2.6999999999999997,Kurt Zouma,4,5
0.4307692307692308,Chelsea,91.37692307692308,6.66, 25,3,1,8617,19,72,89,0.19230769230769235,Mateo Kovacic,11,3
1.85,Chelsea,83.0875,6.6825, 25,6,0,8888,13,26,99,0.8125,Ross Barkley,22,18
1.1800000000000002,Chelsea,83.35999999999999,6.840000000000001, 19,2,0,1211,1,19,11,0.16,Callum Hudson-Odoi,7,4
0.5727272727272728,Chelsea,87.61818181818181,6.708181818181817, 26,1,2,12032,26,7,87,1.9909090909090912,Antonio Rüdiger,4,5
0.32857142857142857,Chelsea,91.59285714285714,6.79, 23,2,0,12476,8,8,35,1.9928571428571427,Andreas Christensen,2,7
0.7666666666666666,Chelsea,83.66666666666667,6.82, 19,7,0,4204,6,6,46,1.3,Reece James,3,4
0.0,Chelsea,75.11666666666666,6.54, 25,3,0,10596,8,0,118,0.21666666666666667,Kepa Arrizabalaga,0,0
2.3333333333333335,Chelsea,75.75333333333332,6.706, 26,4,0,7335,17,65,71,0.66,Michy Batshuayi,13,52
1.9066666666666665,Chelsea,70.06666666666666,6.696666666666667, 33,7,2,9330,12,84,78,2.1266666666666665,Olivier Giroud,22,62
0.0,Chelsea,81.8,6.06, 18,0,0,9,0,2,0,0.0,Billy Gilmour,0,0
2.2857142857142856,Chelsea,70.3,6.812857142857143, 22,14,0,10007,8,22,67,2.0714285714285716,Tammy Abraham,10,66
1.1363636363636365,Chelsea,77.98181818181818,6.931818181818182, 21,6,0,7470,6,50,79,0.6454545454545454,Christian Pulisic,21,20
1.491666666666667,Chelsea,81.00833333333333,7.239166666666666, 31,23,0,12113,14,59,116,0.34166666666666673,Willian,35,37
1.4545454545454546,Chelsea,82.85454545454546,7.197272727272727, 28,10,0,13326,28,9,67,2.4181818181818184,Marcos Alonso,17,21
2.0833333333333335,Chelsea,80.08333333333333,6.864999999999999, 20,9,0,7555,12,11,30,0.25,Mason Mount,16,27
0.6083333333333334,Chelsea,90.125,7.000833333333335, 27,4,1,13910,36,8,41,0.36666666666666664,Jorginho,15,9
0.34285714285714286,Chelsea,83.54285714285716,6.67, 21,2,0,7986,15,11,71,1.7428571428571427,Fikayo Tomori,4,2
0.6000000000000001,Chelsea,87.8888888888889,6.752222222222222, 25,1,0,5068,5,17,38,0.6333333333333333,Emerson,4,2
0.3090909090909091,Chelsea,85.49090909090908,6.912727272727272, 30,7,0,16849,20,5,43,1.6272727272727272,César Azpilicueta,20,8
1.7,Chelsea,84.65,6.7219999999999995, 32,8,0,9465,14,51,106,0.15,Pedro,20,34
0.5,Chelsea,82.5,6.864285714285715, 25,4,1,9380,7,16,99,2.6999999999999997,Kurt Zouma,4,5
0.4307692307692308,Chelsea,91.37692307692308,6.66, 25,3,1,8617,19,72,89,0.19230769230769235,Mateo Kovacic,11,3
1.85,Chelsea,83.0875,6.6825, 25,6,0,8888,13,26,99,0.8125,Ross Barkley,22,18
1.1800000000000002,Chelsea,83.35999999999999,6.840000000000001, 19,2,0,1211,1,19,11,0.16,Callum Hudson-Odoi,7,4
0.5727272727272728,Chelsea,87.61818181818181,6.708181818181817, 26,1,2,12032,26,7,87,1.9909090909090912,Antonio Rüdiger,4,5
0.32857142857142857,Chelsea,91.59285714285714,6.79, 23,2,0,12476,8,8,35,1.9928571428571427,Andreas Christensen,2,7
0.7666666666666666,Chelsea,83.66666666666667,6.82, 19,7,0,4204,6,6,46,1.3,Reece James,3,4
0.0,Chelsea,75.11666666666666,6.54, 25,3,0,10596,8,0,118,0.21666666666666667,Kepa Arrizabalaga,0,0
2.3333333333333335,Chelsea,75.75333333333332,6.706, 26,4,0,7335,17,65,71,0.66,Michy Batshuayi,13,52
1.9066666666666665,Chelsea,70.06666666666666,6.696666666666667, 33,7,2,9330,12,84,78,2.1266666666666665,Olivier Giroud,22,62
0.0,Chelsea,81.8,6.06, 18,0,0,9,0,2,0,0.0,Billy Gilmour,0,0
0.325,Watford,72.4,6.78, 28,4,2,5291,9,12,53,2.5749999999999997,Christian Kabasele,0,4
1.3375000000000001,Watford,78.22500000000001,6.82625, 25,7,0,7264,13,33,83,0.05,Gerard Deulofeu,19,20
0.6,Watford,80.48571428571428,6.632857142857142, 30,2,1,8501,15,14,63,0.7428571428571429,Daryl Janmaat,8,7
1.2833333333333332,Watford,84.55,6.726666666666667, 26,3,0,10899,29,14,72,0.9166666666666666,Abdoulaye Doucouré,13,16
0.9800000000000001,Watford,83.53999999999999,6.878, 31,5,1,11147,31,5,18,1.48,Etienne Capoue,5,9
1.6600000000000001,Watford,55.67999999999999,6.892, 31,10,2,10805,18,21,115,6.119999999999999,Troy Deeney,18,37
0.76,Watford,72.38000000000001,6.843999999999999, 35,2,1,9428,40,3,53,1.9600000000000002,José Holebas,14,5
0.75,Watford,82.51666666666667,6.556666666666666, 30,1,1,6482,8,23,71,0.5666666666666667,Tom Cleverley,8,5
0.5999999999999999,Watford,78.67142857142858,6.6171428571428565, 32,0,1,6507,20,8,68,2.1285714285714286,Sebastian Prödl,1,3
0.72,Watford,71.16,6.902000000000001, 29,11,0,13911,32,2,53,3.4800000000000004,Craig Dawson,2,13
0.48,Watford,74.47999999999999,6.812, 25,5,3,9063,28,12,104,2.66,Adam Masina,5,3
0.8166666666666668,Watford,80.86666666666666,6.723333333333333, 24,5,0,7274,18,21,84,0.39999999999999997,Will Hughes,11,7
0.2285714285714286,Watford,76.81428571428572,6.537142857142858, 30,3,0,9250,11,6,87,1.9000000000000001,Craig Cathcart,1,4
0.02,Watford,42.98,6.6, 36,3,0,12600,6,0,140,0.24000000000000005,Ben Foster,0,0
0.6749999999999999,Watford,83.12500000000001,6.3825, 28,4,1,7163,12,27,46,0.1,Roberto Pereyra,6,14
1.5699999999999998,Watford,83.84,6.5969999999999995, 28,4,0,4023,2,41,41,1.02,Danny Welbeck,7,17
0.6,Watford,69.9875,6.4887500000000005, 24,0,0,1583,6,24,14,0.8125000000000001,Nathaniel Chalobah,2,1
2.0833333333333335,Watford,71.26666666666667,6.703333333333334, 28,6,0,9245,7,43,62,0.5166666666666667,Andre Gray,16,48
0.3,Watford,83.45,6.58, 28,1,0,6839,12,16,75,0.325,Kiko Femenía,4,2
1.4285714285714286,Watford,78.15714285714286,6.791428571428571, 21,5,0,8176,11,21,79,0.6714285714285714,Ismaila Sarr,12,23
0.3,Watford,92.5,6.215, 20,0,0,339,0,6,3,0.15,Domingos Quina,0,1
0.2,Watford,74.86,6.446, 26,1,0,6493,19,12,74,0.44000000000000006,Dimitri Foulquier,7,4
1.0,Watford,73.16000000000001,6.414, 23,2,1,4510,16,44,46,0.44000000000000006,Isaac Success,5,8
0.21666666666666667,Watford,78.98333333333333,6.4799999999999995, 33,1,0,5400,8,13,51,2.15,Adrian Mariappa,0,0
0.325,Watford,72.4,6.78, 28,4,2,5291,9,12,53,2.5749999999999997,Christian Kabasele,0,4
1.3375000000000001,Watford,78.22500000000001,6.82625, 25,7,0,7264,13,33,83,0.05,Gerard Deulofeu,19,20
0.6,Watford,80.48571428571428,6.632857142857142, 30,2,1,8501,15,14,63,0.7428571428571429,Daryl Janmaat,8,7
1.2833333333333332,Watford,84.55,6.726666666666667, 26,3,0,10899,29,14,72,0.9166666666666666,Abdoulaye Doucouré,13,16
0.9800000000000001,Watford,83.53999999999999,6.878, 31,5,1,11147,31,5,18,1.48,Etienne Capoue,5,9
1.6600000000000001,Watford,55.67999999999999,6.892, 31,10,2,10805,18,21,115,6.119999999999999,Troy Deeney,18,37
0.76,Watford,72.38000000000001,6.843999999999999, 35,2,1,9428,40,3,53,1.9600000000000002,José Holebas,14,5
0.75,Watford,82.51666666666667,6.556666666666666, 30,1,1,6482,8,23,71,0.5666666666666667,Tom Cleverley,8,5
0.5999999999999999,Watford,78.67142857142858,6.6171428571428565, 32,0,1,6507,20,8,68,2.1285714285714286,Sebastian Prödl,1,3
0.72,Watford,71.16,6.902000000000001, 29,11,0,13911,32,2,53,3.4800000000000004,Craig Dawson,2,13
0.48,Watford,74.47999999999999,6.812, 25,5,3,9063,28,12,104,2.66,Adam Masina,5,3
0.8166666666666668,Watford,80.86666666666666,6.723333333333333, 24,5,0,7274,18,21,84,0.39999999999999997,Will Hughes,11,7
0.2285714285714286,Watford,76.81428571428572,6.537142857142858, 30,3,0,9250,11,6,87,1.9000000000000001,Craig Cathcart,1,4
0.02,Watford,42.98,6.6, 36,3,0,12600,6,0,140,0.24000000000000005,Ben Foster,0,0
0.6749999999999999,Watford,83.12500000000001,6.3825, 28,4,1,7163,12,27,46,0.1,Roberto Pereyra,6,14
1.5699999999999998,Watford,83.84,6.5969999999999995, 28,4,0,4023,2,41,41,1.02,Danny Welbeck,7,17
0.6,Watford,69.9875,6.4887500000000005, 24,0,0,1583,6,24,14,0.8125000000000001,Nathaniel Chalobah,2,1
2.0833333333333335,Watford,71.26666666666667,6.703333333333334, 28,6,0,9245,7,43,62,0.5166666666666667,Andre Gray,16,48
0.3,Watford,83.45,6.58, 28,1,0,6839,12,16,75,0.325,Kiko Femenía,4,2
1.4285714285714286,Watford,78.15714285714286,6.791428571428571, 21,5,0,8176,11,21,79,0.6714285714285714,Ismaila Sarr,12,23
0.3,Watford,92.5,6.215, 20,0,0,339,0,6,3,0.15,Domingos Quina,0,1
0.2,Watford,74.86,6.446, 26,1,0,6493,19,12,74,0.44000000000000006,Dimitri Foulquier,7,4
1.0,Watford,73.16000000000001,6.414, 23,2,1,4510,16,44,46,0.44000000000000006,Isaac Success,5,8
0.21666666666666667,Watford,78.98333333333333,6.4799999999999995, 33,1,0,5400,8,13,51,2.15,Adrian Mariappa,0,0
1.1,Brighton,72.425,6.9625, 27,19,4,14093,29,2,5,6.1625,Shane Duffy,4,12
1.225,Brighton,79.325,6.9350000000000005, 28,7,1,13789,13,2,34,1.1125,Davy Pröpper,19,19
0.6599999999999999,Brighton,80.88,7.106, 28,15,4,14848,34,1,38,3.2,Lewis Dunk,6,10
0.47500000000000003,Brighton,71.6,6.9350000000000005, 27,9,0,8404,23,8,80,4.15,Dan Burn,2,1
1.44,Brighton,73.22,6.884, 28,5,1,11173,16,9,99,0.76,Pascal Groß,21,17
2.0,Brighton,72.16666666666667,7.136666666666667, 24,3,0,1397,2,9,9,0.16666666666666666,Leandro Trossard,3,8
1.0,Brighton,86.8,6.84, 21,0,0,547,1,1,6,0.0,Steven Alzate,0,0
0.39999999999999997,Brighton,69.325,7.18, 24,12,0,8566,13,6,89,4.8,Adam Webster,3,5
1.1800000000000002,Brighton,76.97999999999999,6.8420000000000005, 25,6,0,7041,9,44,75,0.6,Solly March,10,8
0.0,Brighton,63.912499999999994,6.728750000000001, 27,2,0,9630,2,0,107,0.3625,Mat Ryan,0,0
0.7,Brighton,85.38000000000001,6.894, 30,7,3,13803,31,7,62,0.96,Dale Stephens,11,10
0.25,Brighton,79.99999999999999,6.915, 28,3,0,8865,26,5,74,1.2166666666666668,Martín Montoya,8,2
2.4000000000000004,Brighton,80.4,6.636, 23,6,0,7543,23,30,41,0.5599999999999999,Neal Maupay,14,42
1.8,Brighton,81.4,6.6, 19,1,0,413,0,4,5,1.3,Aaron Connolly,0,2
1.0333333333333332,Brighton,80.83333333333334,6.78, 29,3,1,10194,15,11,108,0.75,Aaron Mooy,11,11
1.6714285714285713,Brighton,64.7,6.372857142857142, 26,3,1,6183,18,38,60,1.2857142857142858,Florin Andone,5,25
2.0250000000000004,Brighton,73.6625,6.6987499999999995, 26,7,0,6395,10,34,57,0.7,Jürgen Locadia,15,27
0.9750000000000001,Brighton,81.04999999999998,6.585, 23,3,1,4145,12,40,38,0.6499999999999999,Yves Bissouma,1,3
1.3666666666666665,Brighton,60.04999999999999,6.526666666666666, 36,10,1,9279,23,43,103,2.8166666666666664,Glenn Murray,6,51
0.42000000000000004,Brighton,73.92,6.544, 30,0,0,3636,8,11,41,1.04,Ezequiel Schelotto,5,0
0.3666666666666667,Brighton,73.5,6.686666666666667, 24,2,0,5443,9,13,59,2.1,Bernardo,3,1
0.13333333333333333,Brighton,77.05,6.5200000000000005, 31,0,1,7726,10,10,34,0.8333333333333334,Gaëtan Bong,6,0
1.1,Brighton,72.425,6.9625, 27,19,4,14093,29,2,5,6.1625,Shane Duffy,4,12
1.225,Brighton,79.325,6.9350000000000005, 28,7,1,13789,13,2,34,1.1125,Davy Pröpper,19,19
0.6599999999999999,Brighton,80.88,7.106, 28,15,4,14848,34,1,38,3.2,Lewis Dunk,6,10
0.47500000000000003,Brighton,71.6,6.9350000000000005, 27,9,0,8404,23,8,80,4.15,Dan Burn,2,1
1.44,Brighton,73.22,6.884, 28,5,1,11173,16,9,99,0.76,Pascal Groß,21,17
2.0,Brighton,72.16666666666667,7.136666666666667, 24,3,0,1397,2,9,9,0.16666666666666666,Leandro Trossard,3,8
1.0,Brighton,86.8,6.84, 21,0,0,547,1,1,6,0.0,Steven Alzate,0,0
0.39999999999999997,Brighton,69.325,7.18, 24,12,0,8566,13,6,89,4.8,Adam Webster,3,5
1.1800000000000002,Brighton,76.97999999999999,6.8420000000000005, 25,6,0,7041,9,44,75,0.6,Solly March,10,8
0.0,Brighton,63.912499999999994,6.728750000000001, 27,2,0,9630,2,0,107,0.3625,Mat Ryan,0,0
0.7,Brighton,85.38000000000001,6.894, 30,7,3,13803,31,7,62,0.96,Dale Stephens,11,10
0.25,Brighton,79.99999999999999,6.915, 28,3,0,8865,26,5,74,1.2166666666666668,Martín Montoya,8,2
2.4000000000000004,Brighton,80.4,6.636, 23,6,0,7543,23,30,41,0.5599999999999999,Neal Maupay,14,42
1.8,Brighton,81.4,6.6, 19,1,0,413,0,4,5,1.3,Aaron Connolly,0,2
1.0333333333333332,Brighton,80.83333333333334,6.78, 29,3,1,10194,15,11,108,0.75,Aaron Mooy,11,11
1.6714285714285713,Brighton,64.7,6.372857142857142, 26,3,1,6183,18,38,60,1.2857142857142858,Florin Andone,5,25
2.0250000000000004,Brighton,73.6625,6.6987499999999995, 26,7,0,6395,10,34,57,0.7,Jürgen Locadia,15,27
0.9750000000000001,Brighton,81.04999999999998,6.585, 23,3,1,4145,12,40,38,0.6499999999999999,Yves Bissouma,1,3
1.3666666666666665,Brighton,60.04999999999999,6.526666666666666, 36,10,1,9279,23,43,103,2.8166666666666664,Glenn Murray,6,51
0.42000000000000004,Brighton,73.92,6.544, 30,0,0,3636,8,11,41,1.04,Ezequiel Schelotto,5,0
0.3666666666666667,Brighton,73.5,6.686666666666667, 24,2,0,5443,9,13,59,2.1,Bernardo,3,1
0.13333333333333333,Brighton,77.05,6.5200000000000005, 31,0,1,7726,10,10,34,0.8333333333333334,Gaëtan Bong,6,0
0.6000000000000001,Liverpool,86.93333333333334,6.996666666666666, 28,4,0,11402,14,11,71,2.822222222222222,Joel Matip,4,8
2.0,Liverpool,78.12727272727274,7.31090909090909, 27,24,3,14492,20,12,133,1.018181818181818,Sadio Mané,24,83
2.1333333333333333,Liverpool,77.15833333333333,7.181666666666666, 28,21,0,15305,13,29,157,1.1250000000000002,Roberto Firmino,46,70
0.8222222222222222,Liverpool,75.33333333333331,6.938888888888889, 21,3,0,7506,11,10,57,0.5,Trent Alexander-Arnold,21,4
3.2916666666666665,Liverpool,76.625,7.341666666666666, 27,28,1,16161,6,11,154,0.23333333333333336,Mohamed Salah,47,114
0.5333333333333333,Liverpool,82.14444444444445,6.902222222222223, 25,4,0,14988,22,4,78,0.5333333333333333,Andrew Robertson,28,7
1.0,Liverpool,86.66363636363636,7.263636363636365, 28,19,1,14722,13,1,11,4.5181818181818185,Virgil van Dijk,4,15
0.6272727272727273,Liverpool,85.54545454545456,6.870000000000001, 30,4,0,11066,22,11,65,3.527272727272727,Dejan Lovren,3,6
0.6,Liverpool,83.63999999999999,7.179, 26,12,0,14953,48,17,80,1.86,Fabinho,15,25
0.7333333333333334,Liverpool,83.21666666666665,6.854166666666667, 29,2,1,11340,19,22,89,0.8166666666666665,Jordan Henderson,13,6
1.2444444444444445,Liverpool,88.64444444444443,6.800000000000001, 29,3,0,14820,10,20,150,0.7,Georginio Wijnaldum,18,28
0.0,Liverpool,79.96363636363637,6.836363636363637, 27,7,0,13855,5,0,155,0.2545454545454545,Alisson,0,0
1.44,Liverpool,83.10000000000001,7.009, 26,5,0,5583,5,60,52,0.54,Alex Oxlade Chamberlain,15,12
0.9181818181818181,Liverpool,68.7818181818182,6.380909090909091, 24,1,0,5681,3,70,59,0.5636363636363636,Divock Origi,8,27
0.0,Liverpool,58.260000000000005,6.610000000000001, 32,1,1,6891,5,1,7,0.28,Adrián,0,0
1.1444444444444446,Liverpool,82.11111111111111,6.6033333333333335, 31,3,0,6731,9,39,70,0.7888888888888889,Adam Lallana,14,16
0.8300000000000001,Liverpool,84.74,6.8950000000000005, 33,10,2,12463,27,41,59,0.9200000000000002,James Milner,36,22
0.2111111111111111,Liverpool,85.80000000000001,6.836666666666666, 22,0,1,5171,10,15,45,1.9777777777777779,Joe Gomez,3,0
1.23,Liverpool,84.61,6.995, 24,12,2,7397,18,23,77,0.43,Naby Keita,15,19
1.73,Liverpool,84.06,6.819, 28,7,0,9289,14,18,13,0.09,Xherdan Shaqiri,25,24
0.6000000000000001,Liverpool,86.93333333333334,6.996666666666666, 28,4,0,11402,14,11,71,2.822222222222222,Joel Matip,4,8
2.0,Liverpool,78.12727272727274,7.31090909090909, 27,24,3,14492,20,12,133,1.018181818181818,Sadio Mané,24,83
2.1333333333333333,Liverpool,77.15833333333333,7.181666666666666, 28,21,0,15305,13,29,157,1.1250000000000002,Roberto Firmino,46,70
0.8222222222222222,Liverpool,75.33333333333331,6.938888888888889, 21,3,0,7506,11,10,57,0.5,Trent Alexander-Arnold,21,4
3.2916666666666665,Liverpool,76.625,7.341666666666666, 27,28,1,16161,6,11,154,0.23333333333333336,Mohamed Salah,47,114
0.5333333333333333,Liverpool,82.14444444444445,6.902222222222223, 25,4,0,14988,22,4,78,0.5333333333333333,Andrew Robertson,28,7
1.0,Liverpool,86.66363636363636,7.263636363636365, 28,19,1,14722,13,1,11,4.5181818181818185,Virgil van Dijk,4,15
0.6272727272727273,Liverpool,85.54545454545456,6.870000000000001, 30,4,0,11066,22,11,65,3.527272727272727,Dejan Lovren,3,6
0.6,Liverpool,83.63999999999999,7.179, 26,12,0,14953,48,17,80,1.86,Fabinho,15,25
0.7333333333333334,Liverpool,83.21666666666665,6.854166666666667, 29,2,1,11340,19,22,89,0.8166666666666665,Jordan Henderson,13,6
1.2444444444444445,Liverpool,88.64444444444443,6.800000000000001, 29,3,0,14820,10,20,150,0.7,Georginio Wijnaldum,18,28
0.0,Liverpool,79.96363636363637,6.836363636363637, 27,7,0,13855,5,0,155,0.2545454545454545,Alisson,0,0
1.44,Liverpool,83.10000000000001,7.009, 26,5,0,5583,5,60,52,0.54,Alex Oxlade Chamberlain,15,12
0.9181818181818181,Liverpool,68.7818181818182,6.380909090909091, 24,1,0,5681,3,70,59,0.5636363636363636,Divock Origi,8,27
0.0,Liverpool,58.260000000000005,6.610000000000001, 32,1,1,6891,5,1,7,0.28,Adrián,0,0
1.1444444444444446,Liverpool,82.11111111111111,6.6033333333333335, 31,3,0,6731,9,39,70,0.7888888888888889,Adam Lallana,14,16
0.8300000000000001,Liverpool,84.74,6.8950000000000005, 33,10,2,12463,27,41,59,0.9200000000000002,James Milner,36,22
0.2111111111111111,Liverpool,85.80000000000001,6.836666666666666, 22,0,1,5171,10,15,45,1.9777777777777779,Joe Gomez,3,0
1.23,Liverpool,84.61,6.995, 24,12,2,7397,18,23,77,0.43,Naby Keita,15,19
1.73,Liverpool,84.06,6.819, 28,7,0,9289,14,18,13,0.09,Xherdan Shaqiri,25,24
2.5384615384615383,Tottenham,83.06153846153846,6.964615384615384, 27,16,2,11226,8,52,120,0.3384615384615384,Son Heung-Min,27,64
3.7333333333333334,Tottenham,74.06666666666668,7.3613333333333335, 26,40,0,16531,23,10,102,2.1599999999999997,Harry Kane,21,134
1.2545454545454544,Tottenham,84.30909090909091,6.8518181818181825, 27,5,0,6752,23,50,69,0.2636363636363636,Erik Lamela,21,22
0.6583333333333333,Tottenham,80.7,7.159166666666667, 26,6,3,8812,21,6,46,2.1249999999999996,Serge Aurier,16,5
0.0,Tottenham,72.11428571428571,6.705, 32,6,1,17792,1,0,199,0.22142857142857147,Hugo Lloris,0,0
1.8785714285714286,Tottenham,80.20714285714287,6.879285714285714, 23,7,1,14333,28,19,139,0.8071428571428572,Dele Alli,40,48
0.8999999999999999,Tottenham,86.975,7.107500000000001, 22,6,0,7533,11,15,81,0.4625,Tanguy Ndombele,17,6
0.0,Tottenham,71.48333333333333,7.191666666666667, 27,1,0,1342,0,1,5,0.19999999999999998,Paulo Gazzaniga,0,0
0.8785714285714284,Tottenham,85.77857142857144,6.835, 30,2,0,15301,16,3,48,1.578571428571429,Toby Alderweireld,5,7
0.12,Tottenham,87.56,6.516, 22,0,0,885,2,4,6,0.5800000000000001,Kyle Walker-Peters,5,0
0.6642857142857145,Tottenham,87.72142857142856,6.990714285714285, 32,7,2,14684,24,0,0,2.4499999999999997,Jan Vertonghen,2,3
0.1818181818181818,Tottenham,90.23636363636363,6.518181818181817, 23,1,0,5286,12,43,49,0.2636363636363636,Harry Winks,2,2
0.46153846153846145,Tottenham,80.67692307692307,6.853076923076923, 29,2,0,9046,35,15,42,0.6846153846153846,Danny Rose,11,3
1.2454545454545456,Tottenham,81.75454545454545,6.916363636363638, 27,11,0,9274,8,53,104,0.8818181818181817,Lucas Moura,14,42
2.5307692307692307,Tottenham,81.01538461538462,7.141538461538461, 27,19,0,16223,8,15,88,0.43846153846153846,Christian Eriksen,60,43
0.5499999999999999,Tottenham,84.84166666666668,6.590833333333335, 30,4,0,10897,16,49,69,0.5833333333333334,Moussa Sissoko,17,2
0.47000000000000003,Tottenham,87.16999999999999,6.961, 23,0,1,11339,12,4,58,2.52,Davinson Sánchez,3,7
0.3846153846153845,Tottenham,79.5153846153846,6.892307692307692, 26,2,0,10442,16,23,87,1.7923076923076924,Ben Davies,15,3
0.18571428571428572,Tottenham,88.89999999999999,7.025714285714285, 21,3,1,2192,7,6,12,1.7285714285714284,Juan Foyth,0,1
0.7142857142857143,Tottenham,85.2642857142857,6.7042857142857155, 25,4,0,14104,32,18,103,1.9999999999999998,Eric Dier,6,9
1.2363636363636363,Tottenham,86.03636363636362,6.859090909090909, 23,9,1,7219,19,45,76,0.2727272727272727,Giovani Lo Celso,19,23
0.9230769230769231,Tottenham,68.36923076923077,6.583846153846154, 24,3,0,3632,3,35,35,0.06153846153846154,Georges-Kévin Nkoudou,6,11
0.48,Tottenham,75.27,6.611, 28,3,3,8065,24,26,80,1.01,Victor Wanyama,2,8
0.5333333333333333,Tottenham,67.78333333333333,6.5133333333333345, 19,7,0,8321,2,22,92,0.45,Ryan Sessegnon,18,23
0.09999999999999999,Tottenham,94.63333333333333,6.163333333333333, 19,0,0,222,1,9,2,0.43333333333333335,Oliver Skipp,0,0
2.5384615384615383,Tottenham,83.06153846153846,6.964615384615384, 27,16,2,11226,8,52,120,0.3384615384615384,Son Heung-Min,27,64
3.7333333333333334,Tottenham,74.06666666666668,7.3613333333333335, 26,40,0,16531,23,10,102,2.1599999999999997,Harry Kane,21,134
1.2545454545454544,Tottenham,84.30909090909091,6.8518181818181825, 27,5,0,6752,23,50,69,0.2636363636363636,Erik Lamela,21,22
0.6583333333333333,Tottenham,80.7,7.159166666666667, 26,6,3,8812,21,6,46,2.1249999999999996,Serge Aurier,16,5
0.0,Tottenham,72.11428571428571,6.705, 32,6,1,17792,1,0,199,0.22142857142857147,Hugo Lloris,0,0
1.8785714285714286,Tottenham,80.20714285714287,6.879285714285714, 23,7,1,14333,28,19,139,0.8071428571428572,Dele Alli,40,48
0.8999999999999999,Tottenham,86.975,7.107500000000001, 22,6,0,7533,11,15,81,0.4625,Tanguy Ndombele,17,6
0.0,Tottenham,71.48333333333333,7.191666666666667, 27,1,0,1342,0,1,5,0.19999999999999998,Paulo Gazzaniga,0,0
0.8785714285714284,Tottenham,85.77857142857144,6.835, 30,2,0,15301,16,3,48,1.578571428571429,Toby Alderweireld,5,7
0.12,Tottenham,87.56,6.516, 22,0,0,885,2,4,6,0.5800000000000001,Kyle Walker-Peters,5,0
0.6642857142857145,Tottenham,87.72142857142856,6.990714285714285, 32,7,2,14684,24,0,0,2.4499999999999997,Jan Vertonghen,2,3
0.1818181818181818,Tottenham,90.23636363636363,6.518181818181817, 23,1,0,5286,12,43,49,0.2636363636363636,Harry Winks,2,2
0.46153846153846145,Tottenham,80.67692307692307,6.853076923076923, 29,2,0,9046,35,15,42,0.6846153846153846,Danny Rose,11,3
1.2454545454545456,Tottenham,81.75454545454545,6.916363636363638, 27,11,0,9274,8,53,104,0.8818181818181817,Lucas Moura,14,42
2.5307692307692307,Tottenham,81.01538461538462,7.141538461538461, 27,19,0,16223,8,15,88,0.43846153846153846,Christian Eriksen,60,43
0.5499999999999999,Tottenham,84.84166666666668,6.590833333333335, 30,4,0,10897,16,49,69,0.5833333333333334,Moussa Sissoko,17,2
0.47000000000000003,Tottenham,87.16999999999999,6.961, 23,0,1,11339,12,4,58,2.52,Davinson Sánchez,3,7
0.3846153846153845,Tottenham,79.5153846153846,6.892307692307692, 26,2,0,10442,16,23,87,1.7923076923076924,Ben Davies,15,3
0.18571428571428572,Tottenham,88.89999999999999,7.025714285714285, 21,3,1,2192,7,6,12,1.7285714285714284,Juan Foyth,0,1
0.7142857142857143,Tottenham,85.2642857142857,6.7042857142857155, 25,4,0,14104,32,18,103,1.9999999999999998,Eric Dier,6,9
1.2363636363636363,Tottenham,86.03636363636362,6.859090909090909, 23,9,1,7219,19,45,76,0.2727272727272727,Giovani Lo Celso,19,23
0.9230769230769231,Tottenham,68.36923076923077,6.583846153846154, 24,3,0,3632,3,35,35,0.06153846153846154,Georges-Kévin Nkoudou,6,11
0.48,Tottenham,75.27,6.611, 28,3,3,8065,24,26,80,1.01,Victor Wanyama,2,8
0.5333333333333333,Tottenham,67.78333333333333,6.5133333333333345, 19,7,0,8321,2,22,92,0.45,Ryan Sessegnon,18,23
0.09999999999999999,Tottenham,94.63333333333333,6.163333333333333, 19,0,0,222,1,9,2,0.43333333333333335,Oliver Skipp,0,0
1.9833333333333334,Arsenal,79.71666666666668,7.013333333333333, 24,18,0,8638,9,34,88,0.6,Nicolas Pépé,20,41
0.5,Arsenal,88.96666666666668,6.608333333333334, 20,0,0,4570,15,22,36,0.2833333333333334,Matteo Guendouzi,1,1
3.366666666666667,Arsenal,73.64166666666667,7.16, 30,19,1,14872,11,16,129,0.8249999999999998,Pierre-Emerick Aubameyang,22,138
2.4545454545454546,Arsenal,77.36363636363637,7.107272727272728, 28,20,1,12958,17,23,101,1.0636363636363637,Alexandre Lacazette,22,95
0.6888888888888889,Arsenal,81.72222222222223,6.958888888888889, 24,1,0,7398,20,21,53,2.7000000000000006,Calum Chambers,1,5
0.0,Arsenal,64.06666666666666,6.636666666666667, 27,3,0,14713,3,1,31,0.3111111111111111,Bernd Leno,0,0
0.4833333333333334,Arsenal,89.6083333333333,6.925833333333334, 31,8,2,13585,40,6,67,2.55,Sokratis,2,11
0.36250000000000004,Arsenal,79.2375,6.67125, 22,4,2,5789,6,25,60,0.65,Ainsley Maitland-Niles,7,3
0.375,Arsenal,78.9375,6.83, 22,0,0,2572,4,0,29,0.6125,Kieran Tierney,3,1
0.8909090909090908,Arsenal,87.71818181818182,6.915454545454545, 32,3,1,12084,27,4,33,1.6363636363636365,David Luiz,4,10
0.9923076923076922,Arsenal,86.82307692307693,7.16076923076923, 27,8,5,14958,47,8,75,1.9384615384615385,Granit Xhaka,18,13
1.1199999999999999,Arsenal,89.64,7.002, 23,7,1,7900,22,48,76,0.21000000000000002,Dani Ceballos,9,11
0.55,Arsenal,86.76000000000002,6.933000000000002, 33,3,0,13942,19,7,128,1.6199999999999999,Nacho Monreal,13,8
1.175,Arsenal,57.5,6.9775, 18,2,0,619,1,4,5,0.175,Bukayo Saka,3,1
1.1090909090909091,Arsenal,87.18181818181819,7.158181818181817, 31,18,0,13412,17,10,91,0.09999999999999999,Mesut Özil,47,32
0.45999999999999996,Arsenal,79.42,6.919, 26,3,0,10369,25,21,117,1.27,Sead Kolasinac,20,8
1.2428571428571427,Arsenal,87.89999999999999,6.937142857142858, 19,1,0,1526,2,31,12,0.05714285714285715,Reiss Nelson,1,8
0.7250000000000001,Arsenal,87.23750000000001,6.8149999999999995, 23,4,1,10345,20,26,41,0.7000000000000001,Lucas Torreira,4,7
1.0833333333333333,Arsenal,84.71666666666665,6.676666666666666, 20,1,0,1249,1,10,11,0.4166666666666667,Joe Willock,0,3
0.4666666666666667,Arsenal,85.43333333333334,6.836666666666666, 24,3,1,6128,13,5,25,2.088888888888889,Rob Holding,0,2
1.9846153846153847,Arsenal,80.20769230769231,7.163076923076924, 30,22,0,11333,19,36,120,0.7,Henrikh Mkhitaryan,43,36
1.7999999999999998,Arsenal,79.75,7.065, 18,1,0,346,1,4,0,0.75,Gabriel Martinelli,1,3
0.6222222222222222,Arsenal,83.62222222222222,6.876666666666666, 24,2,0,12377,18,8,79,1.2666666666666666,Héctor Bellerín,20,5
1.9833333333333334,Arsenal,79.71666666666668,7.013333333333333, 24,18,0,8638,9,34,88,0.6,Nicolas Pépé,20,41
0.5,Arsenal,88.96666666666668,6.608333333333334, 20,0,0,4570,15,22,36,0.2833333333333334,Matteo Guendouzi,1,1
3.366666666666667,Arsenal,73.64166666666667,7.16, 30,19,1,14872,11,16,129,0.8249999999999998,Pierre-Emerick Aubameyang,22,138
2.4545454545454546,Arsenal,77.36363636363637,7.107272727272728, 28,20,1,12958,17,23,101,1.0636363636363637,Alexandre Lacazette,22,95
0.6888888888888889,Arsenal,81.72222222222223,6.958888888888889, 24,1,0,7398,20,21,53,2.7000000000000006,Calum Chambers,1,5
0.0,Arsenal,64.06666666666666,6.636666666666667, 27,3,0,14713,3,1,31,0.3111111111111111,Bernd Leno,0,0
0.4833333333333334,Arsenal,89.6083333333333,6.925833333333334, 31,8,2,13585,40,6,67,2.55,Sokratis,2,11
0.36250000000000004,Arsenal,79.2375,6.67125, 22,4,2,5789,6,25,60,0.65,Ainsley Maitland-Niles,7,3
0.375,Arsenal,78.9375,6.83, 22,0,0,2572,4,0,29,0.6125,Kieran Tierney,3,1
0.8909090909090908,Arsenal,87.71818181818182,6.915454545454545, 32,3,1,12084,27,4,33,1.6363636363636365,David Luiz,4,10
0.9923076923076922,Arsenal,86.82307692307693,7.16076923076923, 27,8,5,14958,47,8,75,1.9384615384615385,Granit Xhaka,18,13
1.1199999999999999,Arsenal,89.64,7.002, 23,7,1,7900,22,48,76,0.21000000000000002,Dani Ceballos,9,11
0.55,Arsenal,86.76000000000002,6.933000000000002, 33,3,0,13942,19,7,128,1.6199999999999999,Nacho Monreal,13,8
1.175,Arsenal,57.5,6.9775, 18,2,0,619,1,4,5,0.175,Bukayo Saka,3,1
1.1090909090909091,Arsenal,87.18181818181819,7.158181818181817, 31,18,0,13412,17,10,91,0.09999999999999999,Mesut Özil,47,32
0.45999999999999996,Arsenal,79.42,6.919, 26,3,0,10369,25,21,117,1.27,Sead Kolasinac,20,8
1.2428571428571427,Arsenal,87.89999999999999,6.937142857142858, 19,1,0,1526,2,31,12,0.05714285714285715,Reiss Nelson,1,8
0.7250000000000001,Arsenal,87.23750000000001,6.8149999999999995, 23,4,1,10345,20,26,41,0.7000000000000001,Lucas Torreira,4,7
1.0833333333333333,Arsenal,84.71666666666665,6.676666666666666, 20,1,0,1249,1,10,11,0.4166666666666667,Joe Willock,0,3
0.4666666666666667,Arsenal,85.43333333333334,6.836666666666666, 24,3,1,6128,13,5,25,2.088888888888889,Rob Holding,0,2
1.9846153846153847,Arsenal,80.20769230769231,7.163076923076924, 30,22,0,11333,19,36,120,0.7,Henrikh Mkhitaryan,43,36
1.7999999999999998,Arsenal,79.75,7.065, 18,1,0,346,1,4,0,0.75,Gabriel Martinelli,1,3
0.6222222222222222,Arsenal,83.62222222222222,6.876666666666666, 24,2,0,12377,18,8,79,1.2666666666666666,Héctor Bellerín,20,5
1.2874999999999999,Leicester,79.6875,7.43375, 22,11,2,10465,18,2,43,3.4125,Wilfred Ndidi,4,8
2.1,Leicester,86.03999999999999,7.209999999999999, 23,14,1,7743,12,6,77,0.18,James Maddison,18,27
0.5666666666666668,Leicester,81.32222222222224,7.193333333333334, 26,16,0,12196,19,3,55,1.4333333333333331,Ricardo Pereira,21,9
1.875,Leicester,65.1875,6.9175, 32,11,3,14116,16,11,65,2.075,Jamie Vardy,18,89
0.34,Leicester,83.05999999999999,6.703999999999999, 23,1,2,6037,11,3,29,2.66,Çaglar Söyüncü,2,2
1.56,Leicester,82.58,6.936, 22,4,0,8236,17,15,25,1.07,Youri Tielemans,13,15
0.7571428571428571,Leicester,75.44285714285716,6.804285714285713, 22,5,1,7874,9,11,35,1.9000000000000001,Ben Chilwell,9,2
0.39999999999999997,Leicester,79.1,6.938571428571429, 31,3,0,11299,25,6,77,2.3142857142857145,Jonny Evans,5,6
0.0,Leicester,54.8125,6.9125000000000005, 33,6,0,14933,12,0,166,0.25,Kasper Schmeichel,0,0
1.4857142857142858,Leicester,82.92857142857143,6.555714285714285, 21,5,0,5355,2,17,37,0.34285714285714286,Harvey Barnes,16,16
1.52,Leicester,75.14000000000001,6.828, 26,11,0,10477,10,36,118,0.6599999999999999,Ayoze Pérez,16,38
0.7333333333333334,Leicester,67.66666666666667,6.813333333333333, 30,4,1,10299,19,27,120,0.2833333333333333,Marc Albrighton,22,10
1.5250000000000001,Leicester,78.9,6.6025, 23,3,0,7402,8,74,74,0.175,Demarai Gray,8,10
0.6285714285714287,Leicester,73.92857142857143,6.935714285714285, 33,9,0,9202,17,9,90,1.6571428571428573,Christian Fuchs,10,2
0.26,Leicester,84.6,6.16, 22,0,1,1938,3,17,21,0.25999999999999995,Hamza Choudhury,3,0
0.96,Leicester,82.61999999999999,6.742, 25,4,0,8437,16,20,86,0.5,Dennis Praet,8,4
0.05714285714285715,Leicester,81.48571428571428,6.361428571428571, 27,0,1,7083,11,13,37,0.5714285714285714,Nampalys Mendy,3,1
0.4857142857142857,Leicester,72.67142857142858,6.6899999999999995, 35,2,2,11697,13,4,22,2.628571428571429,Wes Morgan,0,7
1.2874999999999999,Leicester,79.6875,7.43375, 22,11,2,10465,18,2,43,3.4125,Wilfred Ndidi,4,8
2.1,Leicester,86.03999999999999,7.209999999999999, 23,14,1,7743,12,6,77,0.18,James Maddison,18,27
0.5666666666666668,Leicester,81.32222222222224,7.193333333333334, 26,16,0,12196,19,3,55,1.4333333333333331,Ricardo Pereira,21,9
1.875,Leicester,65.1875,6.9175, 32,11,3,14116,16,11,65,2.075,Jamie Vardy,18,89
0.34,Leicester,83.05999999999999,6.703999999999999, 23,1,2,6037,11,3,29,2.66,Çaglar Söyüncü,2,2
1.56,Leicester,82.58,6.936, 22,4,0,8236,17,15,25,1.07,Youri Tielemans,13,15
0.7571428571428571,Leicester,75.44285714285716,6.804285714285713, 22,5,1,7874,9,11,35,1.9000000000000001,Ben Chilwell,9,2
0.39999999999999997,Leicester,79.1,6.938571428571429, 31,3,0,11299,25,6,77,2.3142857142857145,Jonny Evans,5,6
0.0,Leicester,54.8125,6.9125000000000005, 33,6,0,14933,12,0,166,0.25,Kasper Schmeichel,0,0
1.4857142857142858,Leicester,82.92857142857143,6.555714285714285, 21,5,0,5355,2,17,37,0.34285714285714286,Harvey Barnes,16,16
1.52,Leicester,75.14000000000001,6.828, 26,11,0,10477,10,36,118,0.6599999999999999,Ayoze Pérez,16,38
0.7333333333333334,Leicester,67.66666666666667,6.813333333333333, 30,4,1,10299,19,27,120,0.2833333333333333,Marc Albrighton,22,10
1.5250000000000001,Leicester,78.9,6.6025, 23,3,0,7402,8,74,74,0.175,Demarai Gray,8,10
0.6285714285714287,Leicester,73.92857142857143,6.935714285714285, 33,9,0,9202,17,9,90,1.6571428571428573,Christian Fuchs,10,2
0.26,Leicester,84.6,6.16, 22,0,1,1938,3,17,21,0.25999999999999995,Hamza Choudhury,3,0
0.96,Leicester,82.61999999999999,6.742, 25,4,0,8437,16,20,86,0.5,Dennis Praet,8,4
0.05714285714285715,Leicester,81.48571428571428,6.361428571428571, 27,0,1,7083,11,13,37,0.5714285714285714,Nampalys Mendy,3,1
0.4857142857142857,Leicester,72.67142857142858,6.6899999999999995, 35,2,2,11697,13,4,22,2.628571428571429,Wes Morgan,0,7
0.775,Bournemouth,71.44999999999999,6.9399999999999995, 26,4,1,5843,17,7,5,1.0499999999999998,Diego Rico,4,3
0.9833333333333335,Bournemouth,78.0,6.886666666666666, 23,4,1,6142,19,26,54,2.9666666666666663,Philip Billing,1,5
1.7333333333333334,Bournemouth,72.93333333333334,6.846666666666667, 27,13,0,11445,8,20,127,2.0999999999999996,Joshua King,12,45
0.64,Bournemouth,79.47999999999999,7.0120000000000005, 28,8,0,13249,20,3,31,3.84,Steve Cook,2,9
0.5428571428571428,Bournemouth,82.61428571428571,6.841428571428572, 24,3,1,10566,14,10,66,1.5571428571428572,Nathan Aké,5,11
0.0,Bournemouth,54.9,6.89, 21,1,0,1080,0,0,12,0.2,Aaron Ramsdale,1,0
1.825,Bournemouth,75.775,7.03, 22,4,0,5278,11,8,61,0.125,Harry Wilson,7,28
1.6000000000000003,Bournemouth,69.48333333333333,6.541666666666668, 27,8,0,7755,6,15,77,0.6999999999999998,Callum Wilson,11,38
0.45999999999999996,Bournemouth,82.46000000000001,6.766, 28,2,1,9998,24,16,78,0.9200000000000002,Adam Smith,10,5
0.8833333333333334,Bournemouth,80.86666666666667,6.716666666666666, 25,0,0,8450,45,8,97,1.8333333333333337,Jefferson Lerma,4,3
0.3,Bournemouth,73.2,6.67, 23,0,0,348,2,0,0,2.0,Jack Stacey,0,0
1.4000000000000001,Bournemouth,77.55,7.021666666666666, 25,10,0,9166,10,21,100,0.3,Ryan Fraser,29,21
0.33999999999999997,Bournemouth,83.82,6.668000000000001, 22,3,1,4919,9,8,30,2.8,Chris Mepham,2,2
0.5800000000000001,Bournemouth,81.91999999999999,6.582000000000001, 22,0,0,7325,18,16,81,0.4,Lewis Cook,6,1
0.26,Bournemouth,77.53999999999999,6.836, 34,2,3,10304,18,8,44,3.0799999999999996,Simon Francis,8,0
1.1833333333333333,Bournemouth,64.53333333333335,6.426666666666667, 22,1,0,3329,1,37,33,1.6499999999999997,Dominic Solanke,3,8
1.425,Bournemouth,73.55,6.4125, 22,0,0,888,1,12,6,0.15000000000000002,Arnaut Danjuma Groeneveld,0,2
0.9,Bournemouth,82.31666666666668,6.523333333333333, 23,4,0,5491,3,51,60,0.08333333333333333,Jordon Ibe,9,5
0.45999999999999996,Bournemouth,79.04,6.626, 33,2,0,11064,7,5,51,1.08,Charlie Daniels,11,9
0.4,Bournemouth,85.58000000000001,6.4959999999999996, 33,2,1,8560,9,11,57,0.9,Andrew Surman,9,2
0.775,Bournemouth,71.44999999999999,6.9399999999999995, 26,4,1,5843,17,7,5,1.0499999999999998,Diego Rico,4,3
0.9833333333333335,Bournemouth,78.0,6.886666666666666, 23,4,1,6142,19,26,54,2.9666666666666663,Philip Billing,1,5
1.7333333333333334,Bournemouth,72.93333333333334,6.846666666666667, 27,13,0,11445,8,20,127,2.0999999999999996,Joshua King,12,45
0.64,Bournemouth,79.47999999999999,7.0120000000000005, 28,8,0,13249,20,3,31,3.84,Steve Cook,2,9
0.5428571428571428,Bournemouth,82.61428571428571,6.841428571428572, 24,3,1,10566,14,10,66,1.5571428571428572,Nathan Aké,5,11
0.0,Bournemouth,54.9,6.89, 21,1,0,1080,0,0,12,0.2,Aaron Ramsdale,1,0
1.825,Bournemouth,75.775,7.03, 22,4,0,5278,11,8,61,0.125,Harry Wilson,7,28
1.6000000000000003,Bournemouth,69.48333333333333,6.541666666666668, 27,8,0,7755,6,15,77,0.6999999999999998,Callum Wilson,11,38
0.45999999999999996,Bournemouth,82.46000000000001,6.766, 28,2,1,9998,24,16,78,0.9200000000000002,Adam Smith,10,5
0.8833333333333334,Bournemouth,80.86666666666667,6.716666666666666, 25,0,0,8450,45,8,97,1.8333333333333337,Jefferson Lerma,4,3
0.3,Bournemouth,73.2,6.67, 23,0,0,348,2,0,0,2.0,Jack Stacey,0,0
1.4000000000000001,Bournemouth,77.55,7.021666666666666, 25,10,0,9166,10,21,100,0.3,Ryan Fraser,29,21
0.33999999999999997,Bournemouth,83.82,6.668000000000001, 22,3,1,4919,9,8,30,2.8,Chris Mepham,2,2
0.5800000000000001,Bournemouth,81.91999999999999,6.582000000000001, 22,0,0,7325,18,16,81,0.4,Lewis Cook,6,1
0.26,Bournemouth,77.53999999999999,6.836, 34,2,3,10304,18,8,44,3.0799999999999996,Simon Francis,8,0
1.1833333333333333,Bournemouth,64.53333333333335,6.426666666666667, 22,1,0,3329,1,37,33,1.6499999999999997,Dominic Solanke,3,8
1.425,Bournemouth,73.55,6.4125, 22,0,0,888,1,12,6,0.15000000000000002,Arnaut Danjuma Groeneveld,0,2
0.9,Bournemouth,82.31666666666668,6.523333333333333, 23,4,0,5491,3,51,60,0.08333333333333333,Jordon Ibe,9,5
0.45999999999999996,Bournemouth,79.04,6.626, 33,2,0,11064,7,5,51,1.08,Charlie Daniels,11,9
0.4,Bournemouth,85.58000000000001,6.4959999999999996, 33,2,1,8560,9,11,57,0.9,Andrew Surman,9,2
